Entity,Code,Year,Annual COâ‚‚ emissions,Other renewables (including geothermal and biomass) - TWh,Biofuels consumption - TWh,Solar consumption - TWh,Wind consumption - TWh,Hydro consumption - TWh,Nuclear consumption - TWh,Gas consumption - TWh,Coal consumption - TWh,Oil consumption - TWh
Austria,AUT,2013,67766776.0,14.719604,5.2184405,1.6009566,8.064531,107.45964,0.0,82.00461,38.13149,145.6488
Austria,AUT,2014,64165824.0,14.254726,5.15734,1.9980814,9.785669,104.34411,0.0,75.10976,35.021385,141.40121
Austria,AUT,2015,66357460.0,14.570719,5.3529215,2.3724,12.254032,94.06801,0.0,79.68095,37.999046,142.84538
Austria,AUT,2016,67217290.0,14.986004,5.365529,2.7538092,13.152861,100.4305,0.0,83.4219,35.44773,146.15495
Austria,AUT,2017,69598480.0,15.416996,5.3517137,3.1724274,16.428778,95.734375,0.0,90.69854,36.564552,146.42876
Austria,AUT,2018,66561692.0,15.447946,5.170676,3.6197312,15.001068,93.62664,0.0,86.869194,32.28496,148.91289
Austria,AUT,2019,67945990.0,14.588332,5.1673193,4.2131014,18.440783,101.054375,0.0,89.00441,33.944683,153.20105
Austria,AUT,2020,62175724.0,14.378555,4.6218066,5.0442815,16.76921,103.698845,0.0,85.272484,29.031855,133.02937
Austria,AUT,2021,65757468.0,13.999028,4.846935,6.8322787,16.60109,95.78747,0.0,90.1544,30.161827,140.2148
Austria,AUT,2022,61489110.0,14.864737,4.6048346,9.293629,17.792751,85.07398,0.0,79.12825,28.861195,135.03087
Austria,AUT,2023,58578050.0,14.244397,5.405355,15.5971,19.601719,99.201546,0.0,68.81278,27.944517,134.10497
Azerbaijan,AZE,2013,33555224.0,0.20937501,0.0,0.0020460358,0.0020460358,3.8084397,0.0,94.18168,0.03841667,55.715004
Azerbaijan,AZE,2014,34348428.0,0.271875,0.0,0.0073791347,0.0058524176,3.3071246,0.0,98.54446,0.023833333,54.860176
Azerbaijan,AZE,2015,34682950.0,0.28406247,0.0,0.0116455695,0.0116455695,4.14557,0.0,111.46553,0.034583334,55.601353
Azerbaijan,AZE,2016,34727330.0,0.27265626,0.0,0.08869347,0.057286434,4.9228644,0.0,109.30647,0.013833334,55.19285
Azerbaijan,AZE,2017,34698644.0,0.26609376,0.0,0.093,0.05525,4.3659997,0.0,106.166046,0.011527778,55.699093
Azerbaijan,AZE,2018,34568500.0,0.25343752,0.0,0.09766169,0.2057214,4.39801,0.0,108.15813,0.008444444,62.74092
Azerbaijan,AZE,2019,37745604.0,0.30609375,0.0,0.109405935,0.26089108,3.8732672,0.0,117.89236,0.0076944446,63.158752
Azerbaijan,AZE,2020,36233150.0,0.3134375,0.0,0.11604938,0.23728396,2.6407406,0.0,123.66788,0.0046111112,57.7512
Azerbaijan,AZE,2021,38292976.0,0.30187503,0.0,0.1359606,0.22512315,3.1460593,0.0,128.1744,0.0015555555,65.33925
Azerbaijan,AZE,2022,40391480.0,0.32078126,0.0,0.14963144,0.20466831,3.9206388,0.0,136.16217,0.00077777775,69.2595
Azerbaijan,AZE,2023,43936972.0,0.34843752,0.0,0.19682927,0.13512196,4.3009753,0.0,140.03986,0.00077777775,72.10228
Belarus,BLR,2013,64125556.0,0.25625,0.26722223,0.0010230179,0.02046036,0.35294116,0.0,192.70277,9.764291,90.81036
Belarus,BLR,2014,63648870.0,0.24687502,0.28777778,0.0050890585,0.022900762,0.30788803,0.0,191.2144,9.686456,93.06433
Belarus,BLR,2015,58798910.0,0.29375,0.22611111,0.022784809,0.09873418,0.28101265,0.0,178.9891,8.61383,78.40431
Belarus,BLR,2016,58134484.0,0.29375,0.20555556,0.06532663,0.18341708,0.35678393,0.0,177.87517,9.467982,84.303665
Belarus,BLR,2017,59381852.0,0.33124998,0.20555556,0.2225,0.2425,1.015,0.0,182.08755,9.7924595,83.84049
Belarus,BLR,2018,62156932.0,0.340625,0.14388889,0.29353234,0.24626864,0.80597013,0.0,193.14273,14.68869,97.42405
Belarus,BLR,2019,62096344.0,0.34375,0.16444445,0.4430693,0.41089106,0.8688119,0.0,191.64499,15.4679,99.32728
Belarus,BLR,2020,59055548.0,0.83750004,0.0,0.4197531,0.45679012,0.9876543,0.8345679,177.51009,9.73431,95.60984
Belarus,BLR,2021,60938200.0,1.6996875,0.0,0.42807886,0.41379312,0.9137931,14.237438,187.6169,9.8974,97.09465
Belarus,BLR,2022,59384360.0,1.6274999,0.0,0.51277643,0.42926583,0.90909094,11.512039,184.62439,10.879056,92.66208
Belarus,BLR,2023,56490772.0,1.5859375,0.0,0.37390244,0.4188797,0.73170733,28.621464,167.84036,11.258296,91.93819
Belgium,BEL,2013,102761550.0,15.7575,3.9976027,6.7519183,9.373402,0.97186697,109.06394,165.33,40.907597,345.84137
Belgium,BEL,2014,97033590.0,13.808438,4.801479,7.344529,11.743766,0.74351144,85.75826,144.63,39.672768,338.91125
Belgium,BEL,2015,101275020.0,17.202188,2.9996233,7.737974,14.111392,0.80607593,66.08354,158.499,38.740704,348.06155
Belgium,BEL,2016,99741550.0,16.8025,5.0530906,7.777387,13.616834,0.9296482,109.35427,161.892,36.819427,352.99054
Belgium,BEL,2017,99192030.0,17.833126,5.453738,8.27,16.30175,0.67525,105.56699,164.115,36.070087,357.47388
Belgium,BEL,2018,100158580.0,16.914062,5.4024725,9.710199,18.841043,0.7271144,71.13682,168.741,35.873142,383.168
Belgium,BEL,2019,99684190.0,16.141874,5.4199514,10.525742,24.147028,0.7475247,107.73168,173.86897,35.923416,358.85614
Belgium,BEL,2020,91228270.0,16.445312,7.5232778,12.623951,31.650864,0.6590124,85.02395,169.9818,27.843174,307.18332
Belgium,BEL,2021,94886104.0,14.696876,8.30668,13.849015,29.55074,1.029803,123.95616,169.60623,30.779343,341.012
Belgium,BEL,2022,89002056.0,15.393437,8.616907,16.901228,30.350368,0.6660934,107.81106,145.53444,32.082714,331.8721
Belgium,BEL,2023,83368480.0,11.882501,8.721672,19.073172,37.66805,0.9917073,80.31195,137.61,27.779953,320.74048
Bulgaria,BGR,2013,42726228.0,0.34910312,1.2684381,3.5600688,3.5128186,10.322603,36.242966,27.543999,69.12558,44.21495
Bulgaria,BGR,2014,45251496.0,0.627475,1.2606628,3.1975853,3.3856921,11.708979,40.374043,27.3615,73.85166,47.711754
Bulgaria,BGR,2015,48203840.0,0.8443281,1.6672177,3.497876,3.6747115,14.315296,38.944305,30.0035,76.23653,53.301296
Bulgaria,BGR,2016,45419316.0,1.1050438,1.8596619,3.487412,3.5803268,9.748346,39.63819,31.2505,66.22471,54.210262
Bulgaria,BGR,2017,47520536.0,1.2374407,1.8938253,3.5074248,3.76016,7.0702577,38.863747,32.1365,71.00035,56.917366
Bulgaria,BGR,2018,43576950.0,4.9155188,1.8687884,3.3402686,3.2789128,12.802432,40.112637,30.229252,63.443558,56.655537
Bulgaria,BGR,2019,42267464.0,5.6900344,2.0498633,3.5081336,3.2598712,7.2512345,40.978436,28.30875,59.157578,59.417183
Bulgaria,BGR,2020,36644240.0,5.310441,1.9733294,3.6264691,3.647237,6.963946,41.05127,29.2065,48.34248,53.383244
Bulgaria,BGR,2021,42425090.0,8.090287,1.9701633,3.6123106,3.5309384,11.869963,40.608116,33.02,60.952377,56.07793
Bulgaria,BGR,2022,46965720.0,7.011231,2.1624696,5.144565,3.6833537,9.344666,40.447216,27.0345,72.62215,59.941475
Bulgaria,BGR,2023,36093596.0,5.856256,2.0185945,8.587095,3.8630538,7.512517,39.422626,25.26,42.945473,59.370625
Croatia,HRV,2013,18406078.0,0.3927969,0.36592776,0.028856777,1.3229847,22.050385,0.0,26.537943,7.8520527,35.97752
Croatia,HRV,2014,17657192.0,0.51430625,0.34271112,0.08950128,1.85743,22.916334,0.0,23.485712,7.5210743,37.662575
Croatia,HRV,2015,17803006.0,0.82869065,0.28104442,0.14497215,2.0159366,16.178825,0.0,24.21231,7.0444655,39.127132
Croatia,HRV,2016,18089980.0,1.3482,0.011766667,0.16467588,2.5483618,17.21633,0.0,25.243534,7.5709324,39.293175
Croatia,HRV,2017,18719100.0,1.6425,0.0063444446,0.19675,3.01,13.2685,0.0,28.99667,4.5628443,42.001553
Croatia,HRV,2018,17702566.0,2.0940623,0.31485555,0.18631841,3.3218904,19.156467,0.0,26.658365,4.248253,40.695423
Croatia,HRV,2019,17830288.0,3.0321875,0.72754997,0.20569305,3.6319306,14.421039,0.0,27.981422,4.8999634,39.723515
Croatia,HRV,2020,16881604.0,3.3500001,0.76273394,0.23580247,4.248642,13.981234,0.0,29.368093,4.200651,34.046947
Croatia,HRV,2021,17410670.0,3.7171874,1.0633531,0.36674878,5.0783253,17.555912,0.0,28.251804,4.830358,35.994972
Croatia,HRV,2022,17608212.0,3.7546878,0.24692945,0.37321866,5.2525797,13.414496,0.0,24.805115,4.7274556,39.39885
Croatia,HRV,2023,17524080.0,3.3346877,0.0073088887,1.007561,6.3085365,19.903658,0.0,25.001438,4.0195723,43.714005
Cyprus,CYP,2013,6583855.0,0.153125,0.17472222,0.1202046,0.59079283,0.0,0.0,0.0,0.0027912,27.186855
Cyprus,CYP,2014,6952094.0,0.1578125,0.11305556,0.21272264,0.46793893,0.0,0.0,0.0,0.02579,27.26966
Cyprus,CYP,2015,6972854.0,0.1601125,0.11305556,0.3206557,0.56166327,0.0,0.0,0.0,0.038685,27.930635
Cyprus,CYP,2016,7374974.0,0.16256563,0.10277778,0.36667585,0.5696005,0.0,0.0,0.0,0.0051644472,30.465368
Cyprus,CYP,2017,7505071.0,0.16171876,0.099694446,0.43005002,0.52862495,0.0,0.0,0.0,0.03468911,31.275581
Cyprus,CYP,2018,7322967.0,0.1605,0.10401111,0.47718903,0.54878104,0.0,0.0,0.0,0.15830101,30.944674
Cyprus,CYP,2019,7344204.0,0.18100001,0.12489556,0.54026484,0.5905074,0.0,0.0,0.0,0.19434871,30.785168
Cyprus,CYP,2020,7014958.0,0.189475,0.2879936,0.7298963,0.59360003,0.0,0.0,0.0,0.16211781,26.229921
Cyprus,CYP,2021,7170389.0,0.1873125,0.24823916,1.1535419,0.6070887,0.0,0.0,0.0,0.4799583,27.052002
Cyprus,CYP,2022,7197524.0,0.18075,0.23916389,1.478769,0.5510221,0.0,0.0,0.0,0.3557966,28.74101
Cyprus,CYP,2023,7174221.0,0.16835313,0.25776666,2.025666,0.5084805,0.0,0.0,0.0,0.3185806,28.66776
Czechia,CZE,2013,106722490.0,12.689707,3.2181668,5.1986036,1.2289488,6.993624,78.632484,80.78675,196.50452,102.03872
Czechia,CZE,2014,104246040.0,14.573227,3.6782172,5.413072,1.2125815,4.859446,77.16253,71.898,190.43584,107.97657
Czechia,CZE,2015,105000920.0,14.975127,3.442897,5.7399592,1.4496495,4.5452833,67.95151,75.3945,189.86116,104.87653
Czechia,CZE,2016,106648410.0,14.895516,3.4977777,5.3623543,1.2486441,5.028867,60.56337,81.599754,191.26581,98.47254
Czechia,CZE,2017,107745840.0,15.5143,3.6448889,5.4922705,1.4775958,4.673835,70.84894,83.74775,187.27791,115.295975
Czechia,CZE,2018,106335550.0,15.081811,3.585,5.8248587,1.5157455,4.048553,74.43112,79.828255,186.01262,116.113846
Czechia,CZE,2019,101008820.0,15.720797,3.9525554,5.6627555,1.7327573,4.9719667,74.86685,83.249504,167.36311,117.60352
Czechia,CZE,2020,91673770.0,16.29058,4.325722,5.5241203,1.7261322,5.294457,74.18094,84.62375,145.43529,102.484436
Czechia,CZE,2021,96645176.0,16.824892,4.1963334,5.3010306,1.4816604,5.936538,75.692566,90.69425,150.68779,112.96381
Czechia,CZE,2022,95107760.0,16.888262,3.7037222,6.115771,1.5758244,5.1625667,76.220665,73.764496,154.26149,108.5069
Czechia,CZE,2023,85624184.0,16.217936,3.494611,7.053818,1.7113194,5.763361,74.17186,66.975,125.10364,107.82444
Denmark,DNK,2013,41755340.0,13.479696,2.4936206,1.3236359,28.448273,0.03432083,0.0,38.297825,37.670876,87.70778
Denmark,DNK,2014,37564830.0,13.44329,2.5934002,1.5153096,33.278633,0.038429458,0.0,32.894382,29.857864,87.40029
Denmark,DNK,2015,35102396.0,13.126962,2.5705178,1.5297749,35.77998,0.045646977,0.0,33.092525,21.238245,88.9282
Denmark,DNK,2016,36905584.0,15.141381,2.5890577,1.8687954,32.114902,0.04842267,0.0,33.65253,24.577398,89.05559
Denmark,DNK,2017,34652480.0,19.526745,2.6198967,1.8787153,36.949997,0.044680554,0.0,32.161003,18.368778,88.506584
Denmark,DNK,2018,34601704.0,18.406534,2.5907989,2.3705795,34.581978,0.036967937,0.0,31.208899,18.772844,89.401
Denmark,DNK,2019,30941816.0,18.572332,3.5123658,2.3843303,39.974834,0.04196782,0.0,28.980944,10.575361,109.60725
Denmark,DNK,2020,28294042.0,18.497053,3.7602165,2.9148939,40.321514,0.04213333,0.0,23.153778,9.309925,91.01435
Denmark,DNK,2021,29587502.0,27.244642,3.140554,3.223963,39.543022,0.040133007,0.0,23.80002,12.399528,79.201904
Denmark,DNK,2022,28431534.0,22.728416,2.8142953,5.4117126,46.73769,0.036717445,0.0,17.05721,12.180117,83.58491
Denmark,DNK,2023,27264778.0,20.115046,2.5875134,8.203117,47.30047,0.04787317,0.0,16.209583,7.758211,88.93036
Estonia,EST,2013,19633824.0,2.1765625,0.03722222,0.0035805625,1.3529412,0.06649616,0.0,6.4535,48.426563,18.806303
Estonia,EST,2014,18783952.0,2.4875,0.059555557,0.0078880405,1.5368956,0.06870229,0.0,5.0655003,47.364048,17.413538
Estonia,EST,2015,15779623.0,2.634375,0.029777778,0.014936709,1.8101264,0.06835443,0.0,4.541,41.969074,17.381447
Estonia,EST,2016,17432914.0,2.9671876,0.022333333,0.02437186,1.4924623,0.0879397,0.0,4.98075,44.06443,16.95469
Estonia,EST,2017,18616034.0,3.4640625,0.028741667,0.03625,1.8075,0.065,0.0,4.8887925,50.30146,17.695034
Estonia,EST,2018,17800686.0,4.1625,0.19943888,0.07661691,1.5820894,0.03731343,0.0,5.003573,49.145332,17.47478
Estonia,EST,2019,12288099.0,4.259375,0.30089167,0.18193069,1.7004949,0.0470297,0.0,4.660554,35.80476,15.588738
Estonia,EST,2020,9198251.0,5.785938,0.42160085,0.60493827,2.0839505,0.074074075,0.0,4.3005,29.107565,16.05446
Estonia,EST,2021,10390745.0,5.5276966,0.48247668,0.8711084,1.8054187,0.056650247,0.0,4.8631897,31.759611,15.788391
Estonia,EST,2022,11757177.0,4.9036,0.27694917,1.4643735,1.6412776,0.056511056,0.0,4.0366664,34.259235,16.36903
Estonia,EST,2023,10018740.0,4.303475,0.21863805,1.7585367,1.6658537,0.058536585,0.0,3.1296751,29.26293,15.560705
Finland,FIN,2013,51719000.0,37.534134,2.3559444,0.016501278,1.9787519,32.835297,60.3734,29.706667,58.04139,114.501656
Finland,FIN,2014,47622000.0,36.745785,5.044833,0.01972519,2.8172314,34.08917,60.0,26.556667,52.024723,108.04683
Finland,FIN,2015,44192000.0,35.68549,5.0423336,0.028635442,5.892048,42.452396,58.848103,22.878613,44.405003,108.589935
Finland,FIN,2016,47251000.0,36.00851,1.8310556,0.055442214,7.708646,39.696297,58.298992,20.076668,50.921112,114.29884
Finland,FIN,2017,44657000.0,37.067303,4.036222,0.121282496,11.987979,36.928673,56.192497,18.324167,46.645557,110.74291
Finland,FIN,2018,45734000.0,40.34445,3.8416667,0.2244403,14.524049,33.087322,56.699,21.012777,48.88139,110.148224
Finland,FIN,2019,42442000.0,41.53768,4.451611,0.36431187,14.912737,30.74375,59.08416,20.348055,41.046947,109.32647
Finland,FIN,2020,37700000.0,36.15579,4.1245,0.53943455,20.384386,39.218124,57.508644,20.718056,31.42889,98.07789
Finland,FIN,2021,37798000.0,42.43477,7.2632456,0.7328029,20.952547,38.89441,58.123154,20.716112,33.982224,91.65651
Finland,FIN,2022,36367000.0,39.87667,6.1698127,0.96398526,29.53807,33.14929,62.250614,10.666667,33.263332,98.47133
Finland,FIN,2023,31622000.0,35.44504,6.262743,1.7474147,36.690666,37.074112,83.67805,11.632222,25.061823,89.03502
France,FRA,2013,358702820.0,19.052814,30.106844,12.107791,41.911392,181.18236,1083.5925,451.43155,146.10484,919.24506
France,FRA,2014,326842370.0,20.569696,32.464577,15.047017,44.775223,159.86955,1110.6335,379.08353,107.207726,889.4258
France,FRA,2015,331490200.0,22.232635,32.747875,18.387758,55.135643,138.11888,1107.4121,407.51764,102.279854,902.6557
France,FRA,2016,334199870.0,24.103254,32.946053,20.514935,54.612026,150.56137,1013.054,445.29938,99.513885,887.9983
France,FRA,2017,337101440.0,25.770441,33.203514,22.756565,62.5897,122.41113,995.8978,447.65698,109.046196,901.5271
France,FRA,2018,321939700.0,26.973051,32.82589,25.691395,72.39513,158.99445,1027.2184,428.38385,100.20472,879.65137
France,FRA,2019,315015330.0,27.386385,34.181557,28.831406,87.400475,138.68245,987.6524,436.62042,79.423065,872.39764
France,FRA,2020,280490020.0,27.53901,24.973543,31.397997,100.10766,152.35506,873.6614,405.8284,55.982357,735.704
France,FRA,2021,305607230.0,28.878078,28.495493,36.651684,92.33443,144.4657,934.38745,430.41394,75.107765,790.98364
France,FRA,2022,293501630.0,30.251163,30.995548,47.03694,95.48204,108.77191,724.1549,386.44025,64.40096,789.4553
France,FRA,2023,272475840.0,29.731947,32.644886,51.981388,125.35705,135.90408,824.8836,340.55658,49.21294,777.0767
Germany,DEU,2013,831742850.0,142.47588,31.311945,78.314575,134.87724,58.818413,248.82353,849.74335,963.3986,1334.2625
Germany,DEU,2014,792578750.0,151.20671,32.831333,90.19848,148.84734,49.839695,247.14757,738.9503,925.89496,1298.318
Germany,DEU,2015,800844500.0,157.68593,30.778166,96.394936,204.11139,48.043034,232.37039,769.5361,915.0558,1296.5422
Germany,DEU,2016,798013630.0,159.69846,30.850645,94.36181,200.81407,51.623116,212.64917,848.8475,889.93506,1321.8785
Germany,DEU,2017,784593860.0,159.62642,31.384161,96.902504,264.23248,50.375,190.811,877.38477,835.9297,1408.9285
Germany,DEU,2018,760046340.0,159.28615,32.717903,110.24876,273.50995,44.01244,189.06667,858.5072,806.69,1336.97
Germany,DEU,2019,709826700.0,157.2613,32.16014,111.93317,311.6188,48.83911,185.81989,892.8303,624.2178,1351.0276
Germany,DEU,2020,648356860.0,159.87912,39.271008,122.21234,326.1778,45.239506,158.96889,871.075,514.8666,1223.2377
Germany,DEU,2021,678777300.0,157.20154,34.888226,121.5271,282.38177,48.417282,170.27205,917.38025,621.9345,1209.7521
Germany,DEU,2022,671471550.0,162.19562,34.94109,148.16708,306.67322,43.302635,85.28075,755.8128,641.7603,1241.9773
Germany,DEU,2023,596151360.0,154.91006,36.03205,155.78781,345.76587,48.525314,17.599112,727.9709,487.4227,1165.5121
Greece,GRC,2013,81713256.0,0.6762781,1.6160794,9.330182,10.586025,16.232534,0.0,41.45214,81.26121,164.7616
Greece,GRC,2014,78635700.0,0.6864406,1.7575005,9.6485615,9.385687,11.395222,0.0,31.60299,78.098015,163.353
Greece,GRC,2015,74926660.0,0.7232063,1.8500055,9.872496,11.698782,15.438466,0.0,34.126534,65.4408,170.19884
Greece,GRC,2016,71359600.0,0.85696876,1.9322205,9.873658,12.929387,13.926226,0.0,44.420002,50.692112,169.93929
Greece,GRC,2017,74841750.0,0.96883744,1.9409436,9.978692,13.842467,9.906367,0.0,53.57,55.779747,174.01346
Greece,GRC,2018,71778104.0,0.9814687,1.9556248,9.429482,15.672286,14.287183,0.0,52.451,54.774906,171.98833
Greece,GRC,2019,65736276.0,1.2563344,2.2568612,10.9616585,17.986006,9.899995,0.0,57.583,37.175343,177.21858
Greece,GRC,2020,55558176.0,1.4173563,2.3894691,10.979887,22.987911,8.256018,0.0,63.426598,21.294857,143.48611
Greece,GRC,2021,57519204.0,1.5600156,2.5868716,12.933444,25.82015,14.540491,0.0,69.8031,19.907978,152.02661
Greece,GRC,2022,58079524.0,1.7768874,2.8845239,17.542297,26.740171,9.472216,0.0,61.967,18.437853,172.19046
Greece,GRC,2023,55196200.0,2.0464094,2.7700338,21.691639,26.88235,9.305677,0.0,53.822002,14.2742195,171.29622
Hungary,HUN,2013,43486520.0,5.725,1.5775499,0.06393862,1.8360741,0.544757,39.30845,90.80139,26.576935,70.43605
Hungary,HUN,2014,43638884.0,6.6437497,2.1769388,0.17048346,1.6705852,0.7659033,39.818382,81.19611,26.271076,78.38166
Hungary,HUN,2015,46566924.0,6.753125,2.019882,0.35696203,1.7544304,0.592405,40.08708,87.10667,27.226086,83.99389
Hungary,HUN,2016,47039148.0,6.471875,2.158119,0.6130653,1.718593,0.6507538,40.33647,93.36222,25.506508,83.43875
Hungary,HUN,2017,49423532.0,6.7281256,1.8955001,0.8725,1.895,0.55,40.243988,99.34139,26.144308,90.39909
Hungary,HUN,2018,49376216.0,7.2125,2.2297223,1.5646766,1.5099502,0.5522388,39.136814,96.22417,24.698467,96.88959
Hungary,HUN,2019,49165744.0,7.0156245,2.3346112,3.7054453,1.8044553,0.5420792,40.31683,98.44,21.38699,97.93139
Hungary,HUN,2020,47107424.0,6.784375,3.2232223,6.071605,1.6172838,0.60246915,39.641975,101.92972,19.594992,89.379326
Hungary,HUN,2021,48330956.0,7.009375,3.2912776,9.349754,1.635468,0.5221675,39.384235,108.104004,15.938159,97.09771
Hungary,HUN,2022,44842524.0,6.69375,3.5135,11.626535,1.4987715,0.43734643,38.850124,91.90975,14.501377,96.33766
Hungary,HUN,2023,40190156.0,4.9375,3.6098888,16.890245,1.5756098,0.54146343,38.82439,82.14825,10.506077,94.0944
Iceland,ISL,2013,3488069.0,16.3906,0.025324445,0.0,0.014027488,32.897297,0.0,0.0,1.275,8.627571
Iceland,ISL,2014,3445115.0,16.36989,0.047393613,0.0,0.021337263,32.755764,0.0,0.0,1.0444444,9.023058
Iceland,ISL,2015,3541181.0,15.634319,0.13822527,0.0,0.027580261,34.888023,0.0,0.0,1.1555556,9.844438
Iceland,ISL,2016,3493675.0,15.835249,0.15412417,0.0,0.023140145,33.843204,0.0,0.0,1.3444445,10.842629
Iceland,ISL,2017,3610952.0,16.154995,0.1693,0.0,0.02031721,35.146805,0.0,0.0,1.3333334,12.105062
Iceland,ISL,2018,3667102.0,18.780731,0.20337056,0.0,0.010853234,34.360188,0.0,0.0,1.3333334,13.107482
Iceland,ISL,2019,3556092.0,18.806683,0.2004425,0.0,0.016260372,33.320457,0.0,0.0,1.3055556,11.098069
Iceland,ISL,2020,3340566.0,18.626883,0.21705666,0.0,0.016445184,32.48635,0.0,0.0,0.96123207,7.309943
Iceland,ISL,2021,3508308.0,18.13,0.31372,0.0,0.0149926115,34.0,0.0,0.0,1.3613051,8.265474
Iceland,ISL,2022,3613243.0,18.487804,0.19668084,1.4742015e-05,0.014125306,34.87892,0.0,0.0,1.3469021,10.354054
Iceland,ISL,2023,3762450.0,18.769434,0.21125667,2.195122e-05,0.01762927,34.697544,0.0,0.0,0.96847576,10.943816
Ireland,IRL,2013,37278920.0,1.5029737,1.1765534,0.0017889083,11.617218,1.5332404,0.0,44.67215,23.79498,79.802826
Ireland,IRL,2014,36850170.0,1.675779,1.326267,0.0024076712,13.08139,1.8031908,0.0,43.282696,23.38793,78.99451
Ireland,IRL,2015,38715990.0,1.4882553,1.4190938,0.0040927124,16.643496,2.0417469,0.0,43.763687,25.505402,81.82425
Ireland,IRL,2016,40366880.0,2.12255,1.3050203,0.011899498,15.699877,1.7111181,0.0,49.20653,24.50441,86.16183
Ireland,IRL,2017,39075644.0,2.297647,1.8618464,0.0248775,18.917511,1.7290075,0.0,50.18881,20.86448,85.46276
Ireland,IRL,2018,39009370.0,2.6510656,1.7874058,0.04515174,21.847082,1.7265921,0.0,52.105392,16.40505,88.72634
Ireland,IRL,2019,37323388.0,2.6712031,2.17813,0.08369059,25.210258,2.1945148,0.0,53.158844,11.740789,88.71635
Ireland,IRL,2020,35124468.0,2.8867905,2.0196702,0.13608395,28.98828,2.3028517,0.0,53.08083,10.0594015,75.046776
Ireland,IRL,2021,37544270.0,3.1092126,2.064296,0.20849015,24.482033,1.845862,0.0,50.982754,13.721661,81.74555
Ireland,IRL,2022,36711388.0,3.167775,2.589344,0.36527026,27.993835,1.722855,0.0,51.99971,11.048163,85.65837
Ireland,IRL,2023,34432788.0,2.596422,3.4890509,1.5767853,28.935005,2.2993927,0.0,48.262775,6.578881,84.52713
Italy,ITA,2013,369474700.0,71.09156,14.347942,55.21381,38.099743,134.97186,0.0,667.4043,157.40312,711.2821
Italy,ITA,2014,349400320.0,77.02719,12.361004,56.75929,38.621628,148.96945,0.0,589.7159,153.44742,725.4599
Italy,ITA,2015,361254340.0,79.93969,13.502227,58.081516,37.57949,115.284805,0.0,643.1542,143.39546,736.12726
Italy,ITA,2016,358144350.0,80.61625,12.0098295,55.53844,44.44397,106.61306,0.0,675.4584,126.97493,721.54535
Italy,ITA,2017,352678620.0,79.93562,12.249848,60.944252,44.354748,90.49684,0.0,715.78796,111.18957,722.2751
Italy,ITA,2018,349062140.0,78.93125,14.439266,56.352734,44.070644,121.45472,0.0,692.14087,101.994774,738.58154
Italy,ITA,2019,339633540.0,80.11719,14.750561,58.635887,50.004948,114.743805,0.0,707.9061,77.0536,724.5385
Italy,ITA,2020,302602430.0,80.18719,14.650287,61.58395,46.32494,117.61438,0.0,676.2516,58.868187,595.9134
Italy,ITA,2021,335977820.0,78.07687,16.381674,61.672413,51.545074,111.793594,0.0,723.73676,65.09709,665.1538
Italy,ITA,2022,340672300.0,73.29,16.051104,69.0946,50.354298,69.77297,0.0,651.9902,86.41852,729.38477
Italy,ITA,2023,313460640.0,67.843124,15.275215,74.90512,57.659756,98.822685,0.0,585.93884,53.60289,714.07965
Kazakhstan,KAZ,2013,255164930.0,0.0,0.0,0.0020138107,0.011633504,19.771772,0.0,111.82619,435.88077,162.81444
Kazakhstan,KAZ,2014,274289660.0,0.0,0.0,0.0031526717,0.03375369,21.025015,0.0,148.2957,430.71915,167.67194
Kazakhstan,KAZ,2015,278661280.0,0.0014874999,0.0,0.1168886,0.33347416,23.466305,0.0,138.0262,318.00595,154.43547
Kazakhstan,KAZ,2016,277695740.0,0.0058124997,0.0,0.22211833,0.6909116,29.197899,0.0,150.1451,371.23032,157.86322
Kazakhstan,KAZ,2017,293476480.0,0.006700625,0.0,0.23161376,0.8494092,28.025463,0.0,167.25644,407.11957,159.55869
Kazakhstan,KAZ,2018,307174100.0,0.00758875,0.0,0.35140198,0.9584952,25.81178,0.0,166.70808,423.42175,170.21378
Kazakhstan,KAZ,2019,275289760.0,0.015522188,0.0,0.96836853,1.7503302,24.736778,0.0,197.0411,400.9196,171.49725
Kazakhstan,KAZ,2020,255486480.0,0.02039625,0.0,3.055481,2.5399046,23.850977,0.0,176.56165,379.28656,148.74731
Kazakhstan,KAZ,2021,255142930.0,0.0080134375,0.0,4.0124865,4.3021297,22.680958,0.0,216.16681,389.9888,183.11275
Kazakhstan,KAZ,2022,254414190.0,0.009217813,0.0,4.3549333,5.680197,22.607355,0.0,212.81737,391.72864,180.0903
Kazakhstan,KAZ,2023,255161470.0,0.016088437,0.0,4.566371,9.218442,21.464619,0.0,199.51997,423.5181,185.64178
Latvia,LVA,2013,7368754.0,1.5687499,0.24916583,0.00051150896,0.30434784,7.4475703,0.0,14.062125,0.845,19.562712
Latvia,LVA,2014,7172208.0,2.090625,0.27999917,0.00050890585,0.25699747,5.073791,0.0,12.637625,0.69666666,19.589464
Latvia,LVA,2015,7262431.0,2.403125,0.28460777,0.00050632906,0.37215188,4.729114,0.0,12.7435,0.54472226,20.659561
Latvia,LVA,2016,7210695.0,2.571875,0.14816222,0.000959799,0.32663316,6.3542714,0.0,13.195875,0.47583333,21.412914
Latvia,LVA,2017,7215332.0,2.9082499,0.12568668,0.0011,0.375,10.95155,0.0,11.963876,0.48027778,21.701895
Latvia,LVA,2018,7857337.0,2.9491093,0.44067055,0.0031666667,0.3035771,6.0486794,0.0,13.715625,0.56361115,19.506718
Latvia,LVA,2019,7648483.0,2.8981876,0.41599473,0.007764851,0.38118562,5.2167177,0.0,13.118875,0.4766667,22.321327
Latvia,LVA,2020,6997988.0,2.7024937,0.5595716,0.011967901,0.4366469,6.4272637,0.0,10.731875,0.28611112,19.569078
Latvia,LVA,2021,7238093.0,2.6931062,0.56189364,0.01674138,0.34836453,6.669449,0.0,11.5885,0.22388889,20.47839
Latvia,LVA,2022,6619717.0,2.5042124,0.21477167,0.18467568,0.4672801,6.756322,0.0,8.10425,0.16444445,19.610828
Latvia,LVA,2023,6512889.0,2.0596156,0.16419055,0.5830927,0.6603829,9.254771,0.0,7.671125,0.17444445,19.468527
Lithuania,LTU,2013,13179840.0,1.115625,0.67055553,0.114578,1.5414323,1.3329923,0.0,25.171972,3.127307,30.120863
Lithuania,LTU,2014,12884828.0,1.249375,0.7350555,0.18575063,1.6262087,1.0132315,0.0,24.017113,2.6458251,29.522429
Lithuania,LTU,2015,13088382.0,1.3953125,0.79,0.1855696,2.0513923,0.88506323,0.0,24.037651,2.121312,32.41703
Lithuania,LTU,2016,13155571.0,1.3728125,0.6602778,0.16708542,2.85402,1.1404523,0.0,21.41865,2.149224,35.661934
Lithuania,LTU,2017,13320003.0,1.57375,0.83323336,0.17,3.4095001,1.506,0.0,22.28886,2.3039029,36.70305
Lithuania,LTU,2018,13470189.0,1.696875,0.90425557,0.21542287,2.8482585,1.0721393,0.0,22.38687,2.458582,39.087585
Lithuania,LTU,2019,13707235.0,1.6662501,0.8729667,0.22549504,3.711386,0.8549505,0.0,21.57156,2.308555,39.038982
Lithuania,LTU,2020,13562745.0,1.8565625,1.1950333,0.3180247,3.831358,0.7419753,0.0,23.604841,1.801487,36.593956
Lithuania,LTU,2021,13851095.0,2.1421876,1.4732444,0.46995074,3.3539412,0.94507396,0.0,22.281841,2.158528,36.981213
Lithuania,LTU,2022,12856662.0,2.213125,1.3905001,0.84029484,3.7159705,1.1410319,0.0,16.07382,2.138757,37.15651
Lithuania,LTU,2023,12461681.0,2.3828125,1.3716834,1.6790243,6.18561,1.0980488,0.0,15.6552305,1.378155,38.186306
Luxembourg,LUX,2013,10333663.0,0.29440936,0.6206064,0.18858823,0.21234526,0.30484655,0.0,10.34957,0.557077,33.112263
Luxembourg,LUX,2014,9816077.0,0.36007813,0.79716027,0.24107125,0.20324682,0.2742697,0.0,9.805904,0.620949,31.917315
Luxembourg,LUX,2015,9345265.0,0.3936375,0.94184667,0.2625848,0.25784302,0.2512734,0.0,8.9427395,0.5714517,31.355448
Luxembourg,LUX,2016,9090387.0,0.43755627,1.0112745,0.25197992,0.25498995,0.28997737,0.0,8.247018,0.5923159,31.312542
Luxembourg,LUX,2017,9262836.0,0.5357906,1.2813467,0.27115747,0.5870575,0.21412249,0.0,8.061143,0.5479591,32.775616
Luxembourg,LUX,2018,9567291.0,0.6786625,1.3893788,0.29533583,0.63327116,0.23079103,0.0,7.9506326,0.4856688,34.678898
Luxembourg,LUX,2019,9761764.0,0.86915314,1.489142,0.32273513,0.696245,0.26464108,0.0,7.9555883,0.5321655,35.056538
Luxembourg,LUX,2020,8074925.5,1.1634063,1.6318005,0.39817533,0.867,0.22617777,0.0,7.225362,0.44708046,28.461853
Luxembourg,LUX,2021,8420578.0,1.2141626,1.5832431,0.44381037,0.77417,0.26308376,0.0,7.789808,0.45781496,30.569939
Luxembourg,LUX,2022,7276724.0,1.183575,1.4833422,0.67879117,0.76712775,0.15747173,0.0,6.1173964,0.47223616,27.838793
Luxembourg,LUX,2023,6993124.0,1.142528,1.4351745,0.7169732,1.208022,0.21613659,0.0,5.7326264,0.26491976,26.817352
Netherlands,NLD,2013,164757580.0,18.60625,3.7053332,1.3194374,14.391684,0.29235807,7.393501,391.1389,95.19444,529.2256
Netherlands,NLD,2014,157342270.0,15.666194,4.348944,1.9968499,14.751486,0.28479642,10.410448,343.27777,105.30556,518.6247
Netherlands,NLD,2015,163743250.0,15.42456,3.720765,2.8063798,19.113564,0.23468353,10.324154,337.8889,128.66667,506.33072
Netherlands,NLD,2016,164607870.0,15.340191,2.9748294,4.024643,20.528759,0.25145477,9.950447,351.6389,119.27778,517.8793
Netherlands,NLD,2017,162077660.0,14.389475,3.8476171,5.5108647,26.422003,0.1518925,8.506195,363.05557,106.97222,520.68384
Netherlands,NLD,2018,158042200.0,14.228723,6.4667745,9.223363,26.240076,0.17997015,8.743209,355.94443,96.083336,506.27664
Netherlands,NLD,2019,152422300.0,18.192738,8.080808,13.364865,28.484966,0.1836188,9.677594,371.83334,74.69444,493.69165
Netherlands,NLD,2020,136670080.0,27.620878,9.257344,21.153118,37.722782,0.113743216,10.092254,361.30554,47.77778,469.74258
Netherlands,NLD,2021,139683650.0,34.117367,9.3042755,27.842052,44.448322,0.2173399,9.428463,348.5833,65.111115,470.53452
Netherlands,NLD,2022,127241000.0,30.686647,11.877496,40.92581,52.987644,0.12284521,10.212071,275.3889,64.333336,460.97098
Netherlands,NLD,2023,118668370.0,23.794119,11.162822,47.75168,72.0124,0.16919269,9.720226,259.0833,43.944443,463.73584
North Macedonia,MKD,2013,7489216.0,0.0,0.010493611,0.023148337,0.0,4.0510664,0.0,1.5065968,13.540367,10.721133
North Macedonia,MKD,2014,7203424.0,0.0,0.0036177777,0.03659542,0.17972773,3.0703588,0.0,1.2925,12.5287895,10.638594
North Macedonia,MKD,2015,6756554.0,0.06318437,0.0036897222,0.05721519,0.30573922,4.7220073,0.0,1.3019552,11.296522,11.40081
North Macedonia,MKD,2016,6657488.0,0.11260313,0.0018602778,0.05954774,0.27508292,4.7671986,0.0,2.0473385,10.188275,12.803833
North Macedonia,MKD,2017,7152128.0,0.16109687,0.0014491667,0.0593775,0.2762,2.7756975,0.0,2.6327944,11.13589,12.18642
North Macedonia,MKD,2018,7635776.0,0.16890624,0.0010559806,0.056686565,0.24213432,4.456139,0.0,2.4284997,10.049073,12.717901
North Macedonia,MKD,2019,7646929.0,0.17219688,0.0010559806,0.057488702,0.25199503,2.880381,0.0,2.838806,11.909485,12.735264
North Macedonia,MKD,2020,6961600.0,0.17905626,0.0006988889,0.05965905,0.28860494,3.1534395,0.0,3.2494655,8.8074045,11.742942
North Macedonia,MKD,2021,6488741.0,0.16818124,0.0009866667,0.12561399,0.25452217,3.575426,0.0,4.1256022,7.749557,12.747635
North Macedonia,MKD,2022,7127376.0,0.1605625,0.0024152778,0.24788208,0.26451105,3.305442,0.0,2.7793376,9.874181,13.863104
North Macedonia,MKD,2023,7448824.0,0.20389688,0.0024152778,0.8670098,0.38450488,3.9583733,0.0,3.51603,9.456641,13.787652
Norway,NOR,2013,44516000.0,1.2375,1.4987725,0.02506394,4.810742,327.71866,0.0,39.497776,9.027778,117.56478
Norway,NOR,2014,44958000.0,0.79093754,1.4941305,0.029516539,5.6412215,344.6972,0.0,42.449493,9.888888,114.27068
Norway,NOR,2015,45494000.0,0.790625,1.6522883,0.033924047,6.367089,347.6,0.0,45.09382,8.862735,116.293976
Norway,NOR,2016,44678000.0,0.728125,3.6375031,0.059798997,5.3165827,358.81158,0.0,43.465538,9.100231,112.658714
Norway,NOR,2017,44165000.0,0.809375,5.8046274,0.099902496,7.135,355.91498,0.0,45.43871,9.513363,111.99559
Norway,NOR,2018,44405000.0,0.63802505,4.2914057,0.15143283,9.644279,345.69937,0.0,43.854492,9.290532,115.44276
Norway,NOR,2019,42793000.0,0.7906406,5.444791,0.2599505,13.675742,310.12265,0.0,45.27439,9.07454,110.24316
Norway,NOR,2020,41231000.0,0.7494063,4.465845,0.33007783,24.471605,347.96,0.0,43.569992,8.976604,102.11662
Norway,NOR,2021,41028000.0,0.6724687,4.266036,0.26832268,28.988138,354.59415,0.0,41.706158,9.790111,104.95941
Norway,NOR,2022,40808000.0,0.7441156,3.9918685,0.42473218,36.38786,315.08554,0.0,38.80947,9.365546,107.240074
Norway,NOR,2023,38901000.0,0.77865624,4.1016116,0.87224144,34.061203,333.4483,0.0,37.748764,8.46436,108.04425
Poland,POL,2013,321927230.0,26.944061,8.506889,0.0038363172,15.355499,6.237851,0.0,174.10417,620.82227,277.3465
Poland,POL,2014,309596260.0,31.178125,8.090778,0.017811704,19.536896,5.5547075,0.0,170.13611,575.0486,277.49698
Poland,POL,2015,312756260.0,30.434376,7.5684447,0.1443038,27.488605,4.6379747,0.0,170.98805,566.04724,292.9932
Poland,POL,2016,323554940.0,24.865623,5.255278,0.31155777,31.628141,5.3743715,0.0,182.57611,575.6695,321.5872
Poland,POL,2017,336766880.0,20.275,7.019127,0.41250002,37.2725,6.3999996,0.0,191.80333,578.8792,362.9471
Poland,POL,2018,336069400.0,20.4625,10.586918,0.7462687,31.838306,4.9004974,0.0,199.26056,579.1753,372.2887
Poland,POL,2019,317724830.0,24.009325,11.434799,1.7590915,37.392967,4.847564,0.0,208.88777,516.07837,379.48453
Poland,POL,2020,302432700.0,26.094563,11.848542,4.8343606,39.012466,5.2304616,0.0,210.64583,478.4086,359.47464
Poland,POL,2021,330979420.0,25.19148,12.134217,9.690759,39.984108,5.761532,0.0,223.73805,529.1506,375.10825
Poland,POL,2022,315042270.0,23.84745,13.038829,20.41688,48.59837,4.83584,0.0,186.0464,495.63306,389.42603
Poland,POL,2023,289281540.0,25.501278,14.931136,27.090462,58.96672,5.8768563,0.0,194.40862,411.25055,388.3266
Portugal,PRT,2013,48146190.0,10.148698,3.2023156,1.2254217,30.727879,35.11509,0.0,43.18343,30.815416,130.73607
Portugal,PRT,2014,47942320.0,10.169938,3.2193015,1.5962254,30.817772,39.615776,0.0,41.2596,31.157421,129.18199
Portugal,PRT,2015,52233044.0,10.336148,4.0815163,2.015582,29.386423,21.925331,0.0,48.198635,37.914043,132.16782
Portugal,PRT,2016,50310916.0,10.13125,3.168515,2.0653267,31.34171,39.505024,0.0,50.738132,33.09898,134.93422
Portugal,PRT,2017,55165156.0,10.740625,2.9658759,2.48,30.62,14.742499,0.0,63.394848,37.76261,135.99239
Portugal,PRT,2018,51340316.0,10.58125,3.2794747,2.5,31.38557,30.828356,0.0,57.993805,31.66849,131.66093
Portugal,PRT,2019,47583116.0,11.181251,3.1829448,3.321782,33.829205,21.82673,0.0,61.35022,14.518099,139.91884
Portugal,PRT,2020,41738252.0,12.526987,3.0006378,4.236024,30.367071,29.83353,0.0,60.366596,6.579256,114.11291
Portugal,PRT,2021,40284110.0,13.079842,3.9264631,5.5102563,32.550774,29.328922,0.0,58.10982,2.2745793,117.3465
Portugal,PRT,2022,40687052.0,13.462501,3.7115703,8.646192,32.540543,16.088451,0.0,55.888798,0.081410006,128.5056
Portugal,PRT,2023,37228136.0,12.525,3.9640517,12.585365,32.060978,29.363415,0.0,44.704124,0.058149997,125.77155
Romania,ROU,2013,78597820.0,0.7875,1.7782222,1.0741688,11.560102,37.835037,29.714577,114.427,68.355545,100.04368
Romania,ROU,2014,79092620.0,1.578125,1.5425,3.2959287,12.019338,47.133587,29.708906,108.73125,67.58777,102.80272
Romania,ROU,2015,77807810.0,1.6374999,1.8349444,5.017721,17.881012,42.10886,29.468355,103.70825,70.089584,104.60035
Romania,ROU,2016,76312184.0,1.6593751,2.8673887,4.5728645,16.557789,45.296482,28.356785,104.946106,62.37897,109.42975
Romania,ROU,2017,79158200.0,1.64115,3.1876779,4.64,18.5175,36.235,28.7725,112.90269,62.510086,115.04343
Romania,ROU,2018,79639170.0,1.3660313,3.4101198,4.4054728,15.726368,43.94005,28.300995,115.629875,59.62158,114.96409
Romania,ROU,2019,76457096.0,1.5754501,4.29983,4.40099,16.76485,38.566635,27.92079,107.7498,57.781017,120.234085
Romania,ROU,2020,73710180.0,1.7079281,5.0302615,4.279012,17.148148,37.977425,28.31111,112.62553,41.721542,116.28466
Romania,ROU,2021,77270420.0,2.0399969,4.6571293,4.1945815,16.197046,42.88654,27.793106,115.68957,47.12719,124.88678
Romania,ROU,2022,72992770.0,2.0219,4.899902,4.8855505,17.191647,34.34061,27.245699,97.11343,42.03632,126.44314
Romania,ROU,2023,68239480.0,1.3891563,4.613661,5.4318295,18.409756,44.235924,27.295122,91.16126,30.7371,131.03668
Russia,RUS,2013,1640437400.0,1.5047718,0.0,0.027621483,0.011439897,463.30203,441.1972,4248.6743,1052.6312,1785.0247
Russia,RUS,2014,1639959200.0,1.7325001,0.0,0.40712467,0.24454452,441.20737,459.94247,4221.9824,1018.4391,1875.5392
Russia,RUS,2015,1638675300.0,1.5037501,0.0,0.8496202,0.3747772,425.2999,494.8613,4086.7483,1071.3556,1812.3582
Russia,RUS,2016,1634885000.0,1.3945282,0.39416665,1.1766332,0.37216204,463.84866,494.00598,4206.464,1037.9774,1839.1206
Russia,RUS,2017,1666121200.0,1.6235249,0.76600003,1.36,0.3475,462.90747,507.8525,4311.006,976.10596,1833.1202
Russia,RUS,2018,1712494300.0,1.5770501,1.131111,1.553383,0.5899502,474.22278,508.90808,4544.993,1007.8558,1850.8489
Russia,RUS,2019,1705030900.0,1.6829656,1.5646111,2.4382424,0.7792327,481.12906,517.29126,4443.1274,990.7597,1888.7246
Russia,RUS,2020,1632929300.0,2.5461843,1.8843334,4.5978765,2.809926,524.53894,533.12164,4234.834,910.9779,1815.7542
Russia,RUS,2021,1711993300.0,2.5627158,2.7931669,5.69468,6.3666015,528.40735,547.7627,4315.445,947.61237,1930.4956
Russia,RUS,2022,1802190000.0,2.630622,3.837444,5.893464,10.32199,485.6672,549.6297,4484.05,1062.2084,1982.0867
Russia,RUS,2023,1815924700.0,2.6543,4.856167,6.4265246,11.578924,489.91626,530.2008,4533.7095,1060.0856,2077.0332
Slovakia,SVK,2013,35623260.0,2.846875,1.1855556,1.5038363,0.015345269,12.398977,40.204605,53.01,39.80115,41.73799
Slovakia,SVK,2014,33708176.0,4.4281254,1.5803888,1.519084,0.015267176,10.709924,39.437656,43.87225,39.089558,38.726368
Slovakia,SVK,2015,34528190.0,5.19375,1.7345556,1.2810125,0.015189873,9.787341,38.344303,45.118,37.68276,42.219578
Slovakia,SVK,2016,34962804.0,5.4093747,1.6388333,1.339196,0.015075377,10.952262,37.1206,45.30275,37.19309,44.018665
Slovakia,SVK,2017,36166716.0,5.2999997,1.6983889,1.265,0.015,10.809999,37.7025,48.109447,38.865448,49.12412
Slovakia,SVK,2018,36159864.0,5.078125,1.6891667,1.4552238,0.014925373,8.930347,36.922886,47.416214,38.57444,49.682873
Slovakia,SVK,2019,33831316.0,5.290625,1.7703334,1.4579207,0.014851484,10.782178,37.82673,47.522778,31.42767,47.017704
Slovakia,SVK,2020,31154222.0,5.228125,1.7774444,1.637037,0.009876544,11.153087,38.133335,47.546387,26.940104,46.984623
Slovakia,SVK,2021,35215996.0,5.7625,1.8568333,1.6527094,0.012315271,10.487685,38.743843,52.92877,32.704887,49.438286
Slovakia,SVK,2022,31550242.0,4.65625,1.9585556,1.5970515,0.009828011,9.036855,39.11548,44.098713,27.929153,50.027363
Slovakia,SVK,2023,30739160.0,4.4187503,1.916389,1.4756098,0.0097560985,11.429268,44.714634,41.981422,27.400698,49.066074
Slovenia,SVN,2013,15128262.0,0.815625,0.6836667,0.5498721,0.01023018,11.838875,13.554988,8.10667,15.524713,28.55647
Slovenia,SVN,2014,13561308.0,0.809375,0.4883889,0.653944,0.010178117,15.501272,16.20865,7.2808156,12.253065,28.241379
Slovenia,SVN,2015,13645487.0,0.83437496,0.33422223,0.69367087,0.015189873,9.640507,14.298733,7.7243404,12.382635,27.81775
Slovenia,SVN,2016,14458367.0,0.884375,0.20911112,0.6708543,0.0151166795,11.31407,14.359297,8.190601,13.235522,29.852818
Slovenia,SVN,2017,14616684.0,0.9184031,0.28174332,0.7096675,0.01429,9.670862,15.713181,8.62206,13.194513,30.5679
Slovenia,SVN,2018,14519869.0,0.8522406,0.84147614,0.6342314,0.014977612,11.702289,14.369251,8.530561,12.898891,31.447231
Slovenia,SVN,2019,14039440.0,0.8006625,1.0989283,0.75009656,0.015222771,11.087611,14.409052,8.56711,12.194521,29.976591
Slovenia,SVN,2020,12854909.0,0.86680317,1.0807225,0.9091259,0.015434568,12.182864,15.685842,8.551606,11.74366,25.082165
Slovenia,SVN,2021,13058881.0,0.8765625,1.1914629,1.1160419,0.013775863,11.60717,14.054068,9.00705,10.787278,26.84194
Slovenia,SVN,2022,12701291.0,0.8509719,0.91325,1.5862089,0.014081081,7.7358894,13.772746,7.9449115,8.716149,28.227678
Slovenia,SVN,2023,11328390.0,0.93579376,1.0927898,2.4008758,0.015541464,12.24577,13.665868,7.666729,8.327312,26.136494
Spain,ESP,2013,251941740.0,16.532566,13.624736,33.531685,142.62692,94.06624,145.09293,303.28094,132.54712,675.85834
Spain,ESP,2014,254181220.0,16.918928,14.459287,34.791416,132.3486,99.666664,145.81425,275.239,135.36157,678.84143
Spain,ESP,2015,270740220.0,18.013023,14.788264,35.084633,124.87341,71.2405,145.07594,285.43784,159.17296,701.32794
Spain,ESP,2016,259624910.0,17.702126,16.869535,34.27563,122.8995,91.42103,147.28383,291.21594,122.07011,719.22076
Spain,ESP,2017,273579840.0,18.99375,19.43881,35.801678,122.8175,45.805,145.28006,317.12115,156.40977,723.65344
Spain,ESP,2018,268589920.0,19.298584,25.525328,31.701492,126.606964,85.40796,138.72139,314.9725,134.02187,733.6454
Spain,ESP,2019,250596060.0,17.615828,25.091244,37.396748,131.40858,55.658604,144.25047,359.74472,58.98408,735.607
Spain,ESP,2020,211842610.0,19.178871,22.690935,51.029976,139.3671,75.32525,143.94922,324.9023,34.386036,591.8298
Spain,ESP,2021,229069380.0,21.534388,22.30028,66.74384,152.85962,72.97044,139.3202,343.24298,37.361004,654.14606
Spain,ESP,2022,234657020.0,21.098488,21.762802,87.7715,154.26044,43.218674,143.95578,329.74158,43.479256,726.3689
Spain,ESP,2023,221615650.0,18.289062,28.804773,118.50243,156.7683,60.965855,138.71465,294.72507,30.411484,697.13385
Sweden,SWE,2013,45201720.0,35.78125,6.3670535,0.08951407,25.171928,156.9339,169.96553,10.2365,24.411753,158.01923
Sweden,SWE,2014,43472692.0,33.425,7.5423656,0.11959287,28.585487,162.24673,165.08034,8.403749,23.033634,155.69562
Sweden,SWE,2015,43418144.0,33.640625,8.966756,0.24556962,41.323387,190.66452,142.65375,9.335751,23.101635,153.64815
Sweden,SWE,2016,43413624.0,35.897118,11.013893,0.3592965,38.892994,156.11502,158.54497,9.988999,22.635933,158.83817
Sweden,SWE,2017,42438436.0,37.7375,10.434571,0.575,44.021812,162.65666,164.23979,9.61625,22.60179,161.7447
Sweden,SWE,2018,42058476.0,37.228127,12.33052,0.9726368,41.335136,154.59595,170.52013,10.16875,22.511425,142.69774
Sweden,SWE,2019,40833570.0,40.7375,12.658441,1.641089,49.125206,161.62675,163.68773,10.279,22.514366,145.29596
Sweden,SWE,2020,36702516.0,34.928123,12.786825,2.5555556,67.965965,178.48398,121.47658,9.90925,18.611954,134.4504
Sweden,SWE,2021,38633692.0,40.88125,14.205548,3.7118227,66.76932,181.75894,130.45578,10.62825,18.925024,147.19507
Sweden,SWE,2022,37474410.0,41.0375,17.426626,4.823096,81.22842,171.51842,127.62768,7.9977503,18.444506,132.62907
Sweden,SWE,2023,36556280.0,36.5625,15.620033,7.556098,83.10881,161.19733,118.21967,8.774,18.646727,129.90118
Switzerland,CHE,2013,43171428.0,5.021875,0.126065,1.2787724,0.23017904,98.37524,66.95652,35.841667,1.5472223,141.59218
Switzerland,CHE,2014,39221056.0,5.221875,0.25013167,2.1424937,0.25699747,96.79402,70.630775,31.047222,1.5833334,128.45525
Switzerland,CHE,2015,38718970.0,5.0031247,0.58062387,2.8329113,0.278481,96.86543,58.880745,33.172222,1.4472222,129.56079
Switzerland,CHE,2016,39172084.0,5.390625,0.9312161,3.349246,0.27386934,87.004845,53.517586,34.85,1.3305556,122.34929
Switzerland,CHE,2017,38164800.0,5.74375,1.4777197,4.2075,0.3325,85.23841,51.313156,34.997223,1.2805556,125.38493
Switzerland,CHE,2018,36859040.0,5.659375,1.8982583,4.8383083,0.3034826,86.092514,60.731342,33.197224,1.1916667,120.37151
Switzerland,CHE,2019,36720796.0,5.81875,2.0805686,5.391089,0.36138612,93.15338,62.574257,34.058334,1.0666666,123.53284
Switzerland,CHE,2020,34228228.0,6.15,2.0717869,6.417284,0.3580247,92.50243,56.76543,34.14722,1.0277778,102.537796
Switzerland,CHE,2021,35779836.0,6.228125,1.8285494,7.0,0.35714287,90.072624,45.640396,28.038887,1.0361111,102.78785
Switzerland,CHE,2022,32818890.0,6.2656255,1.8194292,9.4791155,0.3685504,72.641594,56.7887,37.030556,1.0777777,105.80339
Switzerland,CHE,2023,32737300.0,6.2656255,2.0551934,11.278049,0.41219512,90.19482,56.912193,33.96389,0.85,107.32253
Turkey,TUR,2013,347331740.0,7.0067434,4.348278,0.017351957,19.328516,151.97061,0.0,439.66486,367.09164,412.15067
Turkey,TUR,2014,364028300.0,10.770513,1.6016667,0.04427481,21.679516,103.42162,0.0,466.4653,420.1454,423.3022
Turkey,TUR,2015,384929660.0,14.579823,1.2051111,0.49144304,29.499922,169.98947,0.0,459.59042,404.0261,498.6641
Turkey,TUR,2016,405950200.0,20.166344,1.1937778,2.6208541,38.98769,168.92188,0.0,445.046,447.26016,533.83057
Turkey,TUR,2017,430900860.0,25.785938,1.2692778,7.2232504,44.7595,145.54625,0.0,515.6808,458.91183,578.77844
Turkey,TUR,2018,422058620.0,31.50161,1.6243889,19.402487,49.624874,149.10074,0.0,472.3252,475.22025,579.38214
Turkey,TUR,2019,402692260.0,38.98267,1.8093889,22.895615,53.78889,219.85835,0.0,433.57544,487.52646,576.5308
Turkey,TUR,2020,412926880.0,45.273785,1.1617302,27.037481,61.304253,192.82559,0.0,462.15213,472.3668,547.5774
Turkey,TUR,2021,452702800.0,53.94076,1.2868503,34.342022,77.43042,137.75076,0.0,572.8757,482.32193,581.60455
Turkey,TUR,2022,437305340.0,60.021908,1.5650191,41.492805,85.86105,164.1339,0.0,509.39526,488.70157,606.453
Turkey,TUR,2023,432077340.0,62.367355,1.5953628,53.879417,83.19281,156.10353,0.0,480.76877,465.49948,645.44495
Ukraine,UKR,2013,297479000.0,0.315625,0.49133334,1.4578005,1.6332481,35.30642,212.81075,476.99115,481.796,151.43329
Ukraine,UKR,2014,257639000.0,0.40625,0.47644445,1.091603,2.875827,21.573204,224.90865,403.17108,413.7489,133.5871
Ukraine,UKR,2015,223787570.0,0.453125,0.39455554,1.2063291,2.7453165,13.661569,221.84152,319.88693,318.0107,119.473564
Ukraine,UKR,2016,233961020.0,0.425,0.43177778,1.2331659,2.3964825,19.285929,203.39195,314.20847,377.3935,125.16151
Ukraine,UKR,2017,223080820.0,0.6559375,0.52111113,1.80425,2.4585,22.369024,213.9405,301.90512,299.5539,125.789345
Ukraine,UKR,2018,231663820.0,0.93906254,0.4168889,2.7549748,2.956219,25.939552,209.94553,305.69077,326.27963,130.70653
Ukraine,UKR,2019,221943170.0,1.2715625,0.9901111,7.2594056,5.000495,16.109652,205.45222,282.9769,303.2639,128.96898
Ukraine,UKR,2020,206823860.0,2.360625,0.57471114,13.257284,8.06,18.676058,188.15482,293.38742,265.7106,121.78443
Ukraine,UKR,2021,210153310.0,2.85275,0.6225775,16.02037,9.415518,25.7234,212.33055,272.56638,264.8816,123.14044
Ukraine,UKR,2022,141126370.0,2.4253125,0.5531586,12.470762,3.4832926,27.083538,152.77985,182.65732,124.5653,107.29504
Ukraine,UKR,2023,136460590.0,3.270328,0.561592,13.922468,2.3010755,31.042896,127.073166,187.38939,107.56686,109.06072
United Kingdom,GBR,2013,477611260.0,56.577785,11.84809,5.141335,72.62698,12.02432,180.58026,763.2576,434.92456,840.3036
United Kingdom,GBR,2014,438807070.0,70.69139,13.535254,10.3156805,81.32123,14.981804,162.20854,700.55524,351.19415,838.9754
United Kingdom,GBR,2015,422460800.0,91.4343,10.818647,19.070541,101.96131,15.9424515,178.08835,720.4544,277.32315,849.98486
United Kingdom,GBR,2016,399430140.0,93.954796,10.962703,26.150574,93.36539,13.493931,180.21628,798.98334,141.17226,873.85614
United Kingdom,GBR,2017,387367140.0,99.68212,10.826573,28.6431,124.102875,14.7045,175.84076,782.28784,114.22661,884.00006
United Kingdom,GBR,2018,379729760.0,109.721565,15.25993,31.513432,141.56122,13.540546,161.85023,788.487,96.41525,870.51447
United Kingdom,GBR,2019,364753280.0,117.313126,20.267782,30.737745,158.00714,14.685395,139.06929,778.7376,68.912865,846.47516
United Kingdom,GBR,2020,326263200.0,120.551254,19.024101,30.98,186.72371,16.98321,124.047165,734.6376,62.80258,666.9992
United Kingdom,GBR,2021,344510080.0,125.02031,16.84095,29.873154,159.91109,13.345813,113.55641,769.54376,64.27238,681.0371
United Kingdom,GBR,2022,313834780.0,112.037506,23.016495,32.77371,197.89313,13.908599,116.46315,704.8815,59.256477,730.23615
United Kingdom,GBR,2023,305146340.0,106.55625,26.674082,33.86439,200.75293,13.506342,99.01463,636.1966,51.03411,741.4178
