country_code,country,year,emission,Fossil_Fuel_Share,Bioenergy,Charcoal,Fossil_energy,Geothermal,Hydro,Nuclear,Renewables_Biofuels,Solar_Photovoltaic,Wave_Ocean,Wind
AUT,Austria,2004,64966.51836,79.79,3070.444,9.625,25910.274,27.634,3160.975,0,6418.072,1.585,0,80.278
AUT,Austria,2005,65468.82495,78.49,3681.282,7.723,26413.993,29.767,3189.608,0,7174.444,1.807,0,114.469
AUT,Austria,2006,62644.62675,76.22,4291.775,8.76,25944.981,35.386,3065.871,0,7703.902,1.925,0,150.713
AUT,Austria,2007,59214.83104,74.15,4725.016,7.818,24722.245,31.857,3186.109,0,8294.701,2.084,0,175.166
AUT,Austria,2008,58267.43997,73.62,4934.503,8.912,24706.616,33.077,3295.743,0,8648.22,2.59,0,172.937
AUT,Austria,2009,55139.93135,71.76,5169.141,7.295,22808.365,33.552,3516.449,0,9148.828,4.206,0,168.017
AUT,Austria,2010,57955.47132,72.18,5653.85,7.988,24538.586,34.54,3298.66,0,9478.543,7.637,0,177.465
AUT,Austria,2011,55686.90355,71.14,5610.018,7.403,23582.871,32.564,2943.867,0,9057.289,14.967,0,166.483
AUT,Austria,2012,53517.43558,68.8,5885.195,8.465,22571.528,36.447,3770.223,0,10282.138,29.018,0,211.768
AUT,Austria,2013,53693.17662,68.18,5912.463,8.087,22734.291,36.479,3612.788,0,10232.191,53.824,0,271.06
AUT,Austria,2014,50043.14809,67,5753.4,7.726,21539.967,31.505,3525.988,0,10067.397,67.519,0,330.669
AUT,Austria,2015,51811.39235,67.65,5942.026,9.846,22302.143,34.85,3194.915,0,10044.649,80.576,0,416.193
AUT,Austria,2016,53027.85447,67.96,5907.136,9.905,22596.148,35.205,3436.916,0,10339.992,94.24,0,450.115
AUT,Austria,2017,54698.3624,68.55,5930.346,8.759,23247.817,40.595,3292.67,0,10384.339,109.112,0,565.048
AUT,Austria,2018,53341.55334,68.31,5632.386,9.88,22567.921,38.891,3236.278,0,10010.942,125.119,0,518.524
AUT,Austria,2019,53741.39736,69.24,5571.254,10.213,23155.765,33.984,3510.402,0,10427.475,146.354,0,640.591
AUT,Austria,2020,48846.49226,66.96,5526.829,10.332,21357.229,36.413,3611.181,0,10497.608,175.661,0,583.966
AUT,Austria,2021,50670.88529,66.42,6081.702,10.483,22435.777,36.636,3343.913,0,10842.546,238.513,0,579.539
AUT,Austria,2022,47165.79311,65.76,5845.09,7.856,20965.436,41.479,2977.224,0,10412.254,325.237,0,622.67
AUT,Austria,2023,43233.01507,64.35,5774.494,7.408,19460.472,35.521,3497.217,0,11275.318,549.855,0,691.032
BEL,Belgium,2004,106207.94306,79.28,935.832,6.553,44759.477,2.603,27.257,12204.299,972.368,0.057,0,12.21
BEL,Belgium,2005,104153.65745,78.83,1127.209,11.555,44180.926,3.105,24.764,12277.3,1167.351,0.115,0,19.518
BEL,Belgium,2006,102385.21158,78.4,1322.492,4.298,43310.036,3.63,30.868,12032.244,1368.917,0.14,0,31.47
BEL,Belgium,2007,100198.51921,77.86,1532.501,8.385,41733.255,2.986,33.448,12440.327,1599.086,0.521,0,42.218
BEL,Belgium,2008,99735.21602,78.54,1853.355,16.417,43620.236,3.463,35.254,11754.428,1920.325,3.559,0,54.772
BEL,Belgium,2009,93174.19995,77.82,2137.173,25.365,41172.432,4.06,28.203,11853.287,2287.268,14.274,0,85.641
BEL,Belgium,2010,97615.11225,78.22,2755.461,13.176,44444.711,3.568,26.827,11608.853,2978.56,50.206,0,111.427
BEL,Belgium,2011,88290.84408,76.15,2649.555,23.322,40138.455,2.157,16.853,11700.611,2997.737,104.239,0,199.355
BEL,Belgium,2012,87394.78362,76.38,2951.98,10.287,39048.046,2.329,30.696,9765.313,3396.474,185.185,0,237.257
BEL,Belgium,2013,87198.29778,75.91,3040.329,19.588,40393.34,2.663,32.674,10336.494,3620.658,226.999,0,315.133
BEL,Belgium,2014,81373.47614,77.19,2816.874,16.135,39355.637,2.594,25.125,8176.237,3460.599,248.186,0,396.844
BEL,Belgium,2015,85428.37588,79.63,3032.367,18.742,40826.994,2.775,27.377,6283.178,3736.898,262.812,0,479.278
BEL,Belgium,2016,83660.72575,75.52,3154.013,24.097,39750.544,2.9,31.814,10588.967,3975.963,266.156,0,465.993
BEL,Belgium,2017,83216.1697,76.04,3199.007,28.113,39692.831,2.802,23.224,10299.71,4135.436,284.437,0,560.679
BEL,Belgium,2018,83804.10295,79.65,3217.835,14.092,40552.21,2.9,25.133,6960.862,4244.873,335.644,0,651.255
BEL,Belgium,2019,84131.01433,76.46,3011.144,17.474,39218.714,3.098,25.881,10593.545,4392.451,365.64,0,838.813
BEL,Belgium,2020,76580.4111,76.49,3199.536,18.813,36641.282,3.227,22.949,8371.015,4926.555,439.612,0,1102.201
BEL,Belgium,2021,79651.37903,73.62,3329.274,29.945,38140.089,3.664,35.95,12223.218,5125.023,483.465,0,1031.608
BEL,Belgium,2022,74696.91698,73.89,3334.722,25.859,34710.677,3.325,23.31,10697.551,5308.326,591.47,0,1062.132
BEL,Belgium,2023,71487.60758,75.41,3156.399,17.404,33625.426,3.743,34.961,7925.203,5492.189,672.399,0,1327.936
BGR,Bulgaria,2004,43259.81891,74.51,707.509,0,13686.398,0,269.889,4379.622,990.262,0,0,0.086
BGR,Bulgaria,2005,44012.11293,73.68,692.199,0,14269.782,32.674,369.512,4854.743,1111.53,0,0,0.394
BGR,Bulgaria,2006,45156.8202,73.24,741.695,0,14629.333,32.674,362.251,5070.206,1160.914,0,0,1.724
BGR,Bulgaria,2007,48705.48428,78.26,677.779,0,15507.172,32.674,243.323,3838.406,982.509,0.005,0,4.024
BGR,Bulgaria,2008,48059.03734,76.41,772.915,-6.688,14804.091,32.674,240.13,4131.556,1083.936,0.014,0,10.469
BGR,Bulgaria,2009,42535.60626,74,756.084,-6.688,12558.752,32.674,295.074,3877.91,1136.855,0.281,0,20.379
BGR,Bulgaria,2010,44354.0643,74.1,911.852,-9.363,12694.452,32.674,432.617,3849.12,1485.571,1.278,0,58.587
BGR,Bulgaria,2011,49143.70091,75.83,974.788,-9.363,13835.203,32.961,246.912,4105.07,1394.668,8.673,0,74.041
BGR,Bulgaria,2012,44500.55681,72.84,1108.986,0,12834.522,33.438,273.228,4020.24,1650.951,66.956,0,104.978
BGR,Bulgaria,2013,38932.49986,70.49,1178.09,-0.669,11592.029,33.438,347.045,3667.58,1881.268,119.689,0,118.101
BGR,Bulgaria,2014,41317.79289,71.4,1120.433,-2.006,12164.193,33.438,395.669,4046.7,1860.125,108.053,0,114.409
BGR,Bulgaria,2015,43744.03456,72.71,1211.347,-2.006,12928.292,33.438,486.203,3912,2076.229,118.801,0,124.807
BGR,Bulgaria,2016,40769.15235,69.86,1304.603,0.669,12280.579,34.633,333.606,4010.9,2022.557,119.346,0,122.525
BGR,Bulgaria,2017,42963.48012,71.23,1309.462,1.889,12986.148,34.633,243.173,3940.7,1952.201,120.634,0,129.326
BGR,Bulgaria,2018,39381.32137,67.87,1695.632,2.59,12218.42,34.633,442.526,4168.3,2541.462,115.459,0,113.338
BGR,Bulgaria,2019,38427.48006,66.24,1795.151,2.204,11882.01,35.11,251.892,4301.762,2469.42,121.865,0,113.241
BGR,Bulgaria,2020,32958.78054,62.61,1866.257,2.087,10805.42,35.707,242.511,4334.677,2548.995,126.287,0,127.01
BGR,Bulgaria,2021,38590.06829,66.32,2023.07,2.263,12271.664,36.104,414.377,4294.944,2924.064,126.105,0,123.264
BGR,Bulgaria,2022,43071.53882,69.16,1843.691,2.918,12787.577,36.593,327.023,4289.729,2748.716,180.038,0,128.902
BGR,Bulgaria,2023,31284.44618,62.35,1559.338,4.217,10385.195,37.114,264.844,4218.004,2516.314,302.726,0,136.187
HRV,Croatia,2004,20240.88569,78.22,1189.144,0,7594.46,0,655.77,0,1850.558,0,0,0.172
HRV,Croatia,2005,20613.72935,77.26,1247.704,0,7672.788,0,604.944,0,1860.648,0,0,0.86
HRV,Croatia,2006,20683.71411,77.86,1159.601,0,7725.509,0,568.96,0,1738.017,0,0,1.634
HRV,Croatia,2007,21909.52971,79.84,1123.452,0,8324.697,3.344,404.11,0,1545.324,0,0,3.001
HRV,Croatia,2008,20727.44437,78.28,1124.517,0,7931.956,3.201,496.991,0,1641.857,0,0,3.431
HRV,Croatia,2009,19593.01206,76.26,1180.3,0,7389.762,3.153,637.008,0,1841.709,0.008,0,4.66
HRV,Croatia,2010,18774.65033,74.46,1256.383,1.471,7077.572,6.807,784.712,0,2079.366,0.01,0,11.96
HRV,Croatia,2011,18565.66302,74.86,1244.254,1.33,7145.173,6.855,432.664,0,1718.416,0.012,0,17.283
HRV,Croatia,2012,17199.62141,72.49,1294.944,-1.333,6530.072,6.95,415.899,0,1762.451,0.207,0,28.267
HRV,Croatia,2013,16466.36931,71.61,1283.431,-0.664,6115.466,6.831,741.333,0,2097.312,0.97,0,44.479
HRV,Croatia,2014,15596.95342,71.1,1151.502,-1.336,5761.334,7.739,774.387,0,2017.032,3.024,0,62.766
HRV,Croatia,2015,15777.73701,69.93,1331.383,-0.668,6020.191,8.909,549.496,0,1974.837,4.924,0,68.469
HRV,Croatia,2016,16190.5734,70.95,1315.655,-0.669,6118.737,9.052,589.174,0,2017.989,5.636,0,87.21
HRV,Croatia,2017,16574.03153,71.78,1332.831,0.844,6458.781,8.243,456.354,0,1910.209,6.767,0,103.525
HRV,Croatia,2018,15671.07288,69.57,1384.42,1.899,5972.926,9.368,662.158,0,2183.473,6.44,0,114.824
HRV,Croatia,2019,15738.60164,69.78,1462.105,0.257,6103.831,46.4,500.954,0,2136.334,7.145,0,126.165
HRV,Croatia,2020,14801.2377,68.86,1489.229,-0.922,5796.91,58.549,486.879,0,2192.633,8.212,0,147.954
HRV,Croatia,2021,15486.39967,67.28,1650.99,-1.279,5845.764,49.988,612.872,0,2512.335,12.803,0,177.283
HRV,Croatia,2022,16121.64959,69.16,1520.064,-0.757,5839.024,41.228,469.45,0,2225.758,13.061,0,183.818
HRV,Croatia,2023,16896.91469,71.16,1423.929,4.563,6126.673,14.505,701.677,0,2420.951,35.52,0,222.399
CYP,Cyprus,2004,6895.30991,97.94,13.299,4.414,2149.181,0,0,0,52.969,0.039,0,0.031
CYP,Cyprus,2005,7086.76804,98.11,12.334,5.885,2188.239,0,0,0,53.71,0.049,0,0.031
CYP,Cyprus,2006,7276.11639,98.1,12.453,5.885,2275.836,0,0,0,55.849,0.086,0,0.031
CYP,Cyprus,2007,7572.12675,97.59,19.304,6.621,2389.961,0,0,0,73.2,0.15,0,0.031
CYP,Cyprus,2008,7786.59268,96.89,42.085,7.356,2521.954,0,0,0,98.655,0.22,0,0.031
CYP,Cyprus,2009,7706.56693,96.53,47.745,7.046,2461.055,0,0,0,106.384,0.33,0,0.031
CYP,Cyprus,2010,7477.56968,96.28,44.616,7.046,2366.858,0,0,0,109.445,0.55,0,2.728
CYP,Cyprus,2011,7216.09943,95.68,51.149,7.751,2278.086,0,0,0,125.783,1.026,0,9.859
CYP,Cyprus,2012,6730.5204,95.04,51.937,7.751,2126.732,0,0,0,135.707,1.853,0,15.948
CYP,Cyprus,2013,5809.82919,94.27,48.665,7.751,1816.194,0,0,0,139.768,4.05,0,19.866
CYP,Cyprus,2014,5941.21194,94.49,45.178,7.751,1866.921,0,0,0,136.421,7.187,0,15.722
CYP,Cyprus,2015,6061.4838,93.86,56.583,8.455,1898.585,0,0,0,155.958,10.891,0,19.076
CYP,Cyprus,2016,6450.4557,94.1,59.607,9.16,2026.415,0,0,0,162.155,12.548,0,19.493
CYP,Cyprus,2017,6527.51859,93.68,73.951,9.316,2081.155,0,0,0,178.69,14.79,0,18.181
CYP,Cyprus,2018,6453.3057,91.79,82.498,8.782,2070.08,0,0,0,238.322,17.153,0,19.006
CYP,Cyprus,2019,6504.89106,91.52,83.04,9.283,2068.832,0,0,0,246.298,18.768,0,20.513
CYP,Cyprus,2020,5996.02345,89.13,109.22,10.191,1909.732,0,0,0,278.052,25.418,0,20.671
CYP,Cyprus,2021,6048.54516,88.83,110.549,9.324,1954.323,0,0,0,297.44,40.27,0,21.193
CYP,Cyprus,2022,6164.94847,89.29,107.945,9.991,2000.028,0,0,0,306.301,51.751,0,19.283
CYP,Cyprus,2023,6222.24662,88.88,97.913,9.621,1989.91,0,0,0,316.348,71.412,0,17.926
CZE,Czechia,2004,114320.54579,83.61,1825.81,0,37279.888,0,173.62,6867.226,2024.549,0.025,0,0.849
CZE,Czechia,2005,113073.05728,83.6,1868.599,0,37036.77,0,204.635,6457.208,2100.607,0.036,0,1.83
CZE,Czechia,2006,112878.48152,82.93,1974.564,0,37581.194,0,219.286,6795.328,2231.405,0.051,0,4.248
CZE,Czechia,2007,114191.12319,83.24,2106.619,0,37414.306,0,179.657,6823.03,2343.272,0.183,0,10.757
CZE,Czechia,2008,109081.78332,81.37,2300.269,0,36127.961,0,174.061,6918.429,2547.83,1.112,0,21.037
CZE,Czechia,2009,103734.38769,79.69,2568.61,0,33086.328,0,208.909,6975.351,2880.183,7.636,0,24.769
CZE,Czechia,2010,105446.25908,80.09,2767.032,0,35330.302,0,239.852,7160.395,3176.526,52.941,0,28.847
CZE,Czechia,2011,102992.98233,78.83,2993.072,0,33214.922,0,168.789,7199.85,3497.376,187.62,0,34.136
CZE,Czechia,2012,99411.87515,76.97,3214.061,0,32174.347,0,183.073,7673.985,3756.312,184.748,0,35.754
CZE,Czechia,2013,94913.18111,75.97,3515.763,0,31953.948,0,235.125,7758.521,4130.194,174.777,0,41.317
CZE,Czechia,2014,91935.38759,75,3695.885,0,30474.801,0,164.123,7630.766,4267.995,182.534,0,40.975
CZE,Czechia,2015,93066.84176,76.24,3801.312,0,31170.682,0,154.322,6680.352,4384.228,194.656,0,49.236
CZE,Czechia,2016,94742.0428,77.25,3839.58,0,31315.15,0,171.972,5977.498,4433.204,183.272,0,42.731
CZE,Czechia,2017,95831.4312,75.97,3911.293,0,32045.577,0,160.745,7016.777,4539.58,189.103,0,50.82
CZE,Czechia,2018,93933.3532,75.15,3915.318,0,31740.478,0,140.054,7449,4566.731,203.334,0,52.393
CZE,Czechia,2019,89315.91864,73.55,4195.228,0,30570.016,0,172.659,7548.204,4912.648,199.153,0,60.19
CZE,Czechia,2020,80661.95576,70.82,4373.149,0,28012.732,0,184.341,7496.295,5122.008,197.28,0,60.11
CZE,Czechia,2021,84361.71899,71.47,4677.378,0,29910.898,0,207.095,7641.632,5477.501,193.453,0,51.723
CZE,Czechia,2022,83771.17292,71.36,4473.889,0,29022.886,0,180.006,7714.551,5413.115,225.819,0,55.145
CZE,Czechia,2023,74274.42528,68.7,4193.761,0,25710.366,0,203.18,7571.872,5239.431,248.675,0,60.33
DNK,Denmark,2004,53065.23541,88.13,2066.649,0,16826.027,1.959,2.322,0,2746.727,0.172,0,566.036
DNK,Denmark,2005,49490.29762,85.21,2261.668,0,15999.411,4.108,1.978,0,2924.563,0.172,0,568.702
DNK,Denmark,2006,57463.4234,89.26,2298.757,0,17500.886,6.855,1.978,0,2982.055,0.172,0,525.193
DNK,Denmark,2007,52668.26078,85.23,2555.428,0,16606.118,6.855,2.408,0,3304.56,0.172,0,616.595
DNK,Denmark,2008,49475.30733,83.73,2589.218,0,15992.389,5.971,2.236,0,3309.709,0.258,0,595.701
DNK,Denmark,2009,47573.94504,82.91,2655.819,0,15274.399,5.756,1.634,0,3376.709,0.344,0,577.902
DNK,Denmark,2010,47999.41655,81.42,3160.149,0,15551.943,5.064,1.775,0,3999.089,0.518,0,671.489
DNK,Denmark,2011,42856.60681,78.4,3131.512,0,13942.073,3.965,1.45,0,4125.466,1.285,0,840.429
DNK,Denmark,2012,38462.88598,74.6,3282.526,0,12813.661,6.879,1.503,0,4292.66,8.93,0,883.056
DNK,Denmark,2013,40302.11203,75.91,3270.159,0,12938.497,5.47,1.154,0,4455.349,44.501,0,956.429
DNK,Denmark,2014,36101.08028,72.8,3313.74,0,11635.604,3.965,1.299,0,4668.291,51.205,0,1124.549
DNK,Denmark,2015,33686.88011,69.64,3527.175,0,11095.4,3.347,1.55,0,4962.838,51.957,0,1215.227
DNK,Denmark,2016,35277.65222,69.54,3783.491,0,11392.331,5.372,1.657,0,5171.058,63.954,0,1099.031
DNK,Denmark,2017,32912.07446,66.66,4138.776,0,10941.06,3.642,1.537,0,5739.55,64.616,0,1270.851
DNK,Denmark,2018,32880.18641,66.74,4135.392,0,10925.379,2.63,1.278,0,5698.984,81.941,0,1195.353
DNK,Denmark,2019,29328.59996,64.16,4246.445,0,9956.655,1.636,1.458,0,5985.783,82.826,0,1388.636
DNK,Denmark,2020,26500.3476,59.02,4542.332,0,8875.161,1.095,1.467,0,6201.232,101.507,0,1404.146
DNK,Denmark,2021,27703.80319,57.23,5310.489,0,9021.882,1.298,1.401,0,7029.257,112.548,0,1380.436
DNK,Denmark,2022,26693.44533,58.18,4660.978,0,8543.179,1.964,1.285,0,6952.939,189.387,0,1635.618
DNK,Denmark,2023,24361.7793,55.4,4686.406,0,7792.727,1.682,1.688,0,7135.015,289.19,0,1667.514
EST,Estonia,2004,16693.58913,91.98,595.806,0,4765.192,0,1.892,0,598.834,0,0,0.688
EST,Estonia,2005,16491.29534,91.98,581.72,0,4857.472,0,1.892,0,588.734,0,0,4.643
EST,Estonia,2006,15821.27219,91.74,523.952,0,4866.341,0,1.161,0,531.939,0,0,6.561
EST,Estonia,2007,19138.21822,94.04,591.957,0,5716.787,0,1.876,0,602.202,0,0,7.806
EST,Estonia,2008,16995.5252,90.25,636.173,0,4879.348,0,2.4,0,650.327,0,0,11.475
EST,Estonia,2009,14087.05308,84.39,699.991,0,3679.055,0,2.75,0,719.305,0,0,16.815
EST,Estonia,2010,18596.36961,90.64,812.131,0,5059.054,0,2.311,0,854.231,0,0,23.817
EST,Estonia,2011,18468.9258,91.1,783.331,0,4916.899,0,2.582,0,836.165,0,0,31.699
EST,Estonia,2012,17043.69236,88.22,804.44,0,4390.786,0,3.616,0,861.442,0,0,37.276
EST,Estonia,2013,18834.05841,91.38,787.999,0,5016.525,0,2.195,0,851.138,0,0,45.489
EST,Estonia,2014,18282.56912,89.47,789.59,0,4707.04,0,2.325,0,858.244,0,0,51.907
EST,Estonia,2015,15479.66688,83.37,863.614,0,3879.235,0,2.287,0,933.791,0,0,61.479
EST,Estonia,2016,17152.98207,86.88,932.492,0,5000.197,0,3.009,0,1001.066,0.832,0,51.075
EST,Estonia,2017,18193.48618,86.52,990.47,0,4810.783,0,2.236,0,1075.679,1.246,0,62.167
EST,Estonia,2018,17388.19156,83.52,1081.996,0,4516.603,0,1.29,0,1156.089,2.648,0,54.686
EST,Estonia,2019,11881.25069,73.24,1148.306,0,3613.878,0,1.634,0,1179.377,6.32,0,59.071
EST,Estonia,2020,9079.10306,65.91,1323.066,0,2995.67,0,2.58,0,1319.63,21.078,0,72.571
EST,Estonia,2021,10262.6325,68.51,1286.522,0,3147.59,0,1.978,0,1319.855,30.41,0,63.027
EST,Estonia,2022,11858.21321,72.75,1231.348,0,3441.826,0,1.978,0,1320.304,51.247,0,57.438
EST,Estonia,2023,8646.15376,62.5,1354.077,0,2658.952,0,2.064,0,1399.272,61.995,0,58.727
FIN,Finland,2004,64460.62444,60.58,7413.682,0,22418.183,0,1295.754,5859.673,8669.493,0.203,0,10.348
FIN,Finland,2005,52788.92757,55.64,7082.4,0,19229.357,0,1185.211,6002.837,8085.762,0.226,0,14.612
FIN,Finland,2006,63820.57186,59.21,7816.929,0,22208.181,0,988.28,5908.684,8690.713,0.291,0,13.383
FIN,Finland,2007,61861.04266,58.03,7553.072,0,21419.851,0,1219.02,6042.046,8656.948,0.328,0,16.2
FIN,Finland,2008,53570.00168,55.17,7744.432,0,19454.792,0,1471.379,5922.098,9091.751,0.339,0,22.401
FIN,Finland,2009,51730.61931,55.94,7009.164,0,18564.492,0,1090.802,5762,7999.032,0.371,0,23.785
FIN,Finland,2010,59225.045,57.07,8278.425,0,20738.801,0,1111.091,5565,9293.334,0.407,0,25.307
FIN,Finland,2011,51863.51037,55.04,8166.688,0,19191.284,0,1070.081,5627,9097.378,0.456,0,41.392
FIN,Finland,2012,46580.21474,50.06,8699.489,0,16822.373,0,1449.624,5536,9954.22,0.494,0,42.504
FIN,Finland,2013,47209.79268,49.46,8919.877,0,16334.836,0,1103.921,5694,9861.519,0.555,0,66.526
FIN,Finland,2014,43389.55508,48.72,9296.891,0,16460.395,0,1151.938,5688.5,10276.225,0.667,0,95.2
FIN,Finland,2015,39862.21198,46.49,9085.22,0,14679.266,0,1441.848,5606.2,10489.011,0.973,0,200.117
FIN,Finland,2016,42533.69952,47.23,9289.83,0,15547.154,0,1358.48,5589.8,10635.281,1.897,0,263.804
FIN,Finland,2017,40125.36513,44.84,9864.578,0,14819.128,0,1270.118,5390.1,11784.295,4.171,0,412.312
FIN,Finland,2018,41115.99913,45.04,10156.388,0.014,15124.077,0,1143.689,5444.1,12057.207,7.758,0,502.035
FIN,Finland,2019,38109.73311,42.79,10355.175,0.588,13913.543,0,1067.969,5675.9,12213.007,12.655,0,518.035
FIN,Finland,2020,33628.38093,41.42,9577.768,0,13016.121,0,1365.721,5547.6,12015.448,18.785,0,709.86
FIN,Finland,2021,33397.63928,38.26,11169.521,0,12647.505,0,1357.793,5609.2,13709.939,25.582,0,731.447
FIN,Finland,2022,32095.42709,38.35,10098.068,0,11827.938,0,1160.083,6115.2,12915.714,33.735,0,1033.706
FIN,Finland,2023,27753.48502,35.67,9826.497,0,11068.555,0,1306.998,8021.7,13309.798,61.603,0,1293.48
FRA,France,2004,377933.80532,54.78,10320.703,0,143940.312,129.98,4990.642,115625.365,15697.405,0.726,40.428,51.148
FRA,France,2005,380496.10569,54.56,10933.901,0,144043.725,189.476,4311.191,116473.517,15823.913,0.903,41.35,82.766
FRA,France,2006,369708.59212,54.21,10076.633,0,140634.479,166.738,4718.654,116128.375,15611.19,1.041,39.92,187.668
FRA,France,2007,359130.15505,54.06,11075.013,0,138690.008,159.024,4814.269,113429.923,17041.179,1.511,40.008,349.966
FRA,France,2008,356769.62437,53.15,12475.063,0,137245.23,169.581,5344.671,113356.922,19390.391,3.585,39.993,489.614
FRA,France,2009,347890.33757,52.86,13027.418,0,131542.378,158.029,4771.672,106857,19780.976,14.959,38.538,680.273
FRA,France,2010,350040.23419,51.78,14396.152,0,132774.317,174.564,5262.441,111612,22187.381,53.31,40.963,855.115
FRA,France,2011,328137.22398,51.47,12429.584,49.69,128920.488,229.568,3933.264,115209,19327.137,200.671,41.039,1063.768
FRA,France,2012,333121.07699,51.41,13988.201,55.617,129153.919,241.863,5144.509,110863,22855.083,380.734,39.38,1305.107
FRA,France,2013,332923.98758,50.92,15117.388,49.927,128671.995,304.014,6184.044,110414.916,25517.796,446.569,35.561,1387.533
FRA,France,2014,300717.46677,48.95,13989.353,61.369,118534.374,292.637,5483.459,113747.77,23716.477,549.58,41.316,1489.577
FRA,France,2015,306897.51048,49.21,14846.489,68.649,121103.001,303.446,4776.98,113996.445,24631.814,666.709,41.91,1841.84
FRA,France,2016,310265.68881,50.23,15985.561,57.455,121716.096,334.136,5231.23,105078.837,26662.347,744.622,43.037,1838.434
FRA,France,2017,311744.04682,50.84,15958.251,50.571,123109.978,422.762,4299.334,103860.74,26258.724,824.3,44.859,2116.031
FRA,France,2018,296858.50122,49.14,16127.254,85.169,117746.331,435.26,5598.575,107628.69,28354.895,929.334,41.267,2459.037
FRA,France,2019,291010.05948,49.55,16397.12,58.149,117145.444,460.221,4893.684,103987,28901.25,1046.026,41.183,2985.527
FRA,France,2020,259629.85902,47.85,15215.247,68.278,103353.363,477.174,5382.079,92211,28791.105,1134.065,41.424,3443.285
FRA,France,2021,281733.17989,48.15,17024.968,52.208,112375.17,464.359,5126.048,98864,31010.543,1320.457,41.599,3191.695
FRA,France,2022,272740.58316,50.97,17524.446,48.532,106405.209,438.872,3914.113,76809,30432.295,1687.678,42.174,3284.535
FRA,France,2023,250807.46252,47.89,17964.57,39.548,100411.603,456.602,4871.64,88138,33494.881,1876.45,38.631,4340.429
DEU,Germany,2004,821401.27067,83.15,11673.527,103.181,281709.155,41.225,1783.835,43095.013,16190.594,47.893,0,2237.231
DEU,Germany,2005,814736.12302,82.69,14054.852,112.353,278362.722,48.963,1688.564,42060.619,18756.965,110.232,0,2388.134
DEU,Germany,2006,832683.69707,82.05,17646.967,111.589,283743.409,48.82,1722.356,43147.635,22887.096,190.886,0,2693.379
DEU,Germany,2007,791551.19273,82.1,20177.853,119.996,269108.267,48.51,1820.206,36251.247,26482.789,264.402,0,3482.975
DEU,Germany,2008,804870.38095,81.5,20978.477,112.353,270278.451,68.047,1757.782,38304.815,27567.43,380.052,0,3558.469
DEU,Germany,2009,746892.06839,81.13,20911.049,142.925,251638.294,75.213,1636.371,34733.2,27522.863,566.036,0,3389.51
DEU,Germany,2010,778259.44526,80.59,23993.767,155.919,263352.059,88.421,1801.634,36200.8,31267.615,1008.512,0,3314.445
DEU,Germany,2011,754581.12885,81.48,23711.598,158.976,252989.603,79.44,1519.518,27807.2,32438.432,1685.211,0,4287.016
DEU,Germany,2012,766712.81727,81.51,26416.531,171.205,254073.926,93.03,1870.593,25618.6,36452.88,2268.272,0,4443.68
DEU,Germany,2013,784496.38139,82.01,26781.142,163.562,260871.387,147.893,1977.472,25052.2,37632.136,2666.38,0,4534.566
DEU,Germany,2014,744788.66793,81.32,25784.91,159.74,247330.028,182.048,1684.179,25010.7,37454.527,3100.258,0,5029.837
DEU,Germany,2015,754245.64801,81.46,25933.362,162.797,248363.81,212.764,1631.642,23636.344,39929.125,3329.837,0,6932.416
DEU,Germany,2016,749760.07364,82.26,25668.531,141.397,251664.837,267.77,1766.638,21794.7,39834.021,3275.838,0,6872.227
DEU,Germany,2017,732493.91626,82.22,25956.141,152.861,252369.313,255.47,1732.588,19654.7,42513.944,3387.876,0,9087.962
DEU,Germany,2018,708718.68093,81.4,26238.588,158.976,243957.515,301.782,1521.324,19571,43509.159,3736.801,0,9454.084
DEU,Germany,2019,660951.4643,80.02,26421.967,146.747,235248.798,333.309,1696.561,19332,45314.506,3816.251,0,10824.936
DEU,Germany,2020,602195.9596,78.35,27138.049,101.653,217649.577,373.03,1609.716,16576.8,47025.919,4255.89,0,11358.727
DEU,Germany,2021,630475.34726,78.77,29258.121,90.188,225533.236,396.938,1690.198,17768.59,47045.905,4339.811,0,9816.767
DEU,Germany,2022,624690.06487,80.39,29123.05,70.316,215848.372,414.708,1515.391,8938,49044.276,5246.948,0,10732.244
DEU,Germany,2023,554469.39729,79.97,27650.785,69.552,194201.107,397.511,1710.576,1859,49216.219,5466.552,0,12084.093
GRC,Greece,2004,100448.10912,94.44,953.073,0,28065.056,12.611,401.721,0,1635.898,0.067,0,96.368
GRC,Greece,2005,104267.84338,94.02,990.555,0,28519.318,12.222,431.408,0,1704.489,0.082,0,108.895
GRC,Greece,2006,103028.36736,93.55,1010.877,0,28334.327,12.461,504.286,0,1848.4,0.119,0,146.118
GRC,Greece,2007,105251.02738,93.8,1175.96,45.906,28389.798,12.563,222.822,0,1756.656,0.122,0,156.32
GRC,Greece,2008,102436.27356,93.51,1047.056,49.608,28599.308,12.563,284.806,0,1755.727,0.45,0,192.777
GRC,Greece,2009,97642.7279,93.02,983.736,49.608,27512.913,16.003,460.237,0,1922.43,4.299,0,218.659
GRC,Greece,2010,90718.51226,91.37,1045.194,41.464,25383.625,16.01,642.713,0,2190.639,13.564,0,233.357
GRC,Greece,2011,89550.8495,91.82,1259.701,43.685,24559.841,15.881,344.898,0,2198.665,52.477,0,285.058
GRC,Greece,2012,85903.14738,90.99,1396.453,44.425,24070.973,13.072,377.689,0,2506.89,145.657,0,331.054
GRC,Greece,2013,75823.30449,89.16,1202.982,45.166,20678.126,11.479,545.737,0,2676.084,313.68,0,355.902
GRC,Greece,2014,72452.42143,87.38,1216.045,41.464,20525.9,11.711,385.066,0,2505.95,326.043,0,317.16
GRC,Greece,2015,69217.26336,85.83,1318.012,45.166,20186.93,9.8,524.35,0,2840.412,335.308,0,397.336
GRC,Greece,2016,65351.85938,86.36,1176.447,45.906,19864.482,10.096,476.581,0,2704.103,337.895,0,442.467
GRC,Greece,2017,68489.19597,86.99,1188.189,45.906,20357.892,8.83,340.718,0,2915.41,343.205,0,476.095
GRC,Greece,2018,65580.8093,85.86,1172.868,55.479,19443.747,8.861,493.848,0,3141.04,325.937,0,541.725
GRC,Greece,2019,59762.66783,84.56,1189.249,44.506,18967.891,10.318,343.904,0,3171.695,380.783,0,624.793
GRC,Greece,2020,50461.15764,81.37,1201.307,39.809,16464.34,5.613,287.505,0,3349.971,382.361,0,800.525
GRC,Greece,2021,52409.29305,82.18,1232.573,39.191,16847.558,4.323,507.604,0,3838.016,451.503,0,901.374
GRC,Greece,2022,53226.59062,83.37,1007.609,37.021,16888.548,7.94,331.487,0,3676.024,613.905,0,935.791
GRC,Greece,2023,47549.83759,80.97,1105.304,46.105,15578.895,7.555,328.059,0,3992.939,764.71,0,947.701
HUN,Hungary,2004,54126.80014,82.18,857.494,0,21896.96,85.985,17.599,3118.874,949.552,0,0,0.477
HUN,Hungary,2005,53771.42594,79.51,1607.703,0,22708.381,86.629,17.382,3616.466,1689.698,0,0,0.868
HUN,Hungary,2006,53157.76583,79.29,1618.743,0,22458.137,85.985,15.971,3514.875,1704.557,0,0,3.729
HUN,Hungary,2007,51881.393,78.08,1780.465,0,21504.214,85.985,18.056,3824.678,1883.101,0.026,0,9.458
HUN,Hungary,2008,51124.67612,77.22,1873.67,0,20901.924,95.538,18.31,3862.052,1992.722,0.047,0,17.612
HUN,Hungary,2009,46424.46844,73.32,2424.436,0,18947.225,96.255,19.629,3878,2542.546,0.056,0,28.455
HUN,Hungary,2010,46852.97742,72.97,2638.785,0,19397.69,98.643,16.198,3963,2777.522,0.073,0,45.898
HUN,Hungary,2011,44983.41594,71.52,2731.869,0,18686.901,104.4,19.091,3964.9,2886.419,0.124,0,53.8
HUN,Hungary,2012,41889.19698,69.22,2784.523,0,17300.907,107.242,18.309,3986.135,2952.757,0.68,0,66.207
HUN,Hungary,2013,39360.82131,66.55,2969.621,0,16163.129,112.759,18.325,3869.526,3111.544,2.117,0,61.695
HUN,Hungary,2014,39023.2249,66.63,2754.743,0,16116.702,90.761,25.922,3937.414,2860.074,5.761,0,56.452
HUN,Hungary,2015,41527.80569,67.5,2895.085,0,17273.349,105.713,20.096,3994.282,3019.564,12.124,0,59.615
HUN,Hungary,2016,42361.3224,67.99,2842.797,0,17587.242,120.044,22.297,4070.704,3005.126,20.98,0,58.787
HUN,Hungary,2017,43994.16692,69.37,2783.084,0,18710.17,133.515,18.917,4084,2973.543,30.009,0,65.176
HUN,Hungary,2018,43789.21255,69.9,2600.778,0,18863.482,143.427,19.089,4006,2799.52,54.084,0,52.193
HUN,Hungary,2019,43721.93621,69.98,2510.585,0,18820.203,157.901,18.831,4106,2830.236,128.719,0,62.683
HUN,Hungary,2020,41717.14962,69.31,2559.757,0,18390.723,149.852,20.98,4053,2965.666,211.436,0,56.32
HUN,Hungary,2021,43165.74519,69.43,2709.555,0,19276.267,156.683,18.229,4034,3238.223,326.397,0,57.094
HUN,Hungary,2022,41280.91973,67.61,2662.374,0,17523.947,165.711,15.305,3992,3314.388,406.879,0,52.451
HUN,Hungary,2023,36744.26084,65.83,2428.556,0,15967.461,181.045,19.089,4015,3327.088,595.443,0,55.546
ISL,Iceland,2004,2224.18433,31.05,1.505,0,857.575,1717.851,613.434,0,2332.79,0,0,0
ISL,Iceland,2005,2111.11802,30.69,1.839,0,852.891,1778.232,603.55,0,2383.621,0,0,0
ISL,Iceland,2006,2180.03507,26.64,1.457,0,909.693,2476.76,627.085,0,3105.302,0,0,0
ISL,Iceland,2007,2319.57531,22.73,3.272,0,895.083,3124.749,721.731,0,3849.753,0,0,0
ISL,Iceland,2008,2193.78775,21.41,2.197,0,1011.362,3435.344,1068.567,0,4506.109,0,0,0
ISL,Iceland,2009,2102.66921,19.68,0.931,0,992.483,3673.951,1055.833,0,4730.716,0,0,0
ISL,Iceland,2010,1993.77352,14.49,0.955,0,627.742,3706.793,1082.724,0,4790.472,0,0,0
ISL,Iceland,2011,1875.51702,13.35,1.146,0,597.38,4122.552,1075.395,0,5199.093,0,0,0
ISL,Iceland,2012,1828.14376,13.53,1.744,0,587.372,4008.169,1060.751,0,5070.663,0,0,0
ISL,Iceland,2013,1792.87817,13.25,14.271,0,615.933,4163.681,1106.005,0,5284.194,0,0,0.236
ISL,Iceland,2014,1779.34321,14.03,13.996,0,645.478,4113.046,1106.88,0,5234.643,0,0,0.721
ISL,Iceland,2015,1823.67334,15.83,26.058,0,656.933,3729.626,1184.933,0,4941.554,0,0,0.937
ISL,Iceland,2016,1798.74384,18.49,29.154,0.707,680.039,3432.908,1158.177,0,4621.03,0,0,0.792
ISL,Iceland,2017,1839.53289,18.1,36.403,1.695,642.307,3692.629,1208.833,0,4938.564,0,0,0.699
ISL,Iceland,2018,1882.55103,17.93,43.811,0.463,686.437,4218.735,1187.763,0,5450.685,0,0,0.375
ISL,Iceland,2019,1827.29302,16.48,20.826,0,671.467,4167.526,1157.478,0,5346.395,0,0,0.565
ISL,Iceland,2020,1641.10348,12.06,21.09,0,612.386,4131.295,1131.296,0,5284.253,0,0,0.573
ISL,Iceland,2021,1726.31232,14.24,30.099,0,656.612,4005.052,1186.93,0,5222.604,0,0,0.523
ISL,Iceland,2022,1782.6923,NA,24.133,0,707.068,4093.372,1220.612,0,5338.612,0.001,0,0.494
ISL,Iceland,2023,1748.62117,NA,24.022,0,657.113,4148.705,1223.215,0,5396.565,0.001,0,0.621
IRL,Ireland,2004,43081.88278,97.24,171.661,0,14089.207,0,54.17,0,285.043,0,0,57.255
IRL,Ireland,2005,44970.71256,96.48,216.696,0,14267.443,0,54.279,0,371.937,0,0,97.194
IRL,Ireland,2006,44483.56142,96.27,221.523,0,14272.402,0,62.276,0,432.194,0,0,141.786
IRL,Ireland,2007,44422.83894,96.27,251.542,0,14616.767,0,57.315,0,490.517,0,0,171.185
IRL,Ireland,2008,44530.33511,96.07,281.5,0,14429.338,0,83.261,0,591.686,0,0,210.664
IRL,Ireland,2009,40092.71571,95.11,326.481,0,13935.249,0,77.535,0,681.591,0.036,0,258.321
IRL,Ireland,2010,39778.81208,95.25,362.093,0,13638.91,0,51.525,0,682.399,0.041,0,246.035
IRL,Ireland,2011,36285.16925,93.82,353.313,0,12356.752,0,60.764,0,822.369,0.047,0,382.891
IRL,Ireland,2012,36379.61767,93.91,380.056,0,12611.461,0,68.99,0,827.151,0.055,0,350.548
IRL,Ireland,2013,35234.26788,91.92,418.761,0,11725.285,0,51.547,0,894.166,0.071,0,396.965
IRL,Ireland,2014,34582.03336,91.17,471.246,0,11604.567,0,60.933,0,1011.271,0.097,0,449.268
IRL,Ireland,2015,36240.27156,91.59,465.106,0,12165.912,0,69.346,0,1146.552,0.176,0,574.506
IRL,Ireland,2016,37719.51367,92.83,502.421,0,12960.595,0,58.558,0,1144.372,0.407,0,537.279
IRL,Ireland,2017,36399.02008,91.39,586.158,0,12489.509,0,59.467,0,1349.244,0.856,0,650.645
IRL,Ireland,2018,36094.16332,90.13,620.268,0,12318.478,0,59.681,0,1490.771,1.561,0,755.161
IRL,Ireland,2019,34503.00515,88.69,641.019,0,12195.403,0,76.233,0,1655.414,2.907,0,875.748
IRL,Ireland,2020,32444.55673,87.09,647.718,0,11574.303,0,80.194,0,1812.067,4.739,0,1009.48
IRL,Ireland,2021,34303.67191,87.67,644.036,0,12136.965,0,64.439,0,1644.768,7.278,0,854.661
IRL,Ireland,2022,33618.59639,87.43,692.415,0,11803.223,0,60.293,0,1836.786,12.783,0,979.664
IRL,Ireland,2023,30821.34225,84.32,739.744,0,11114.085,0,81.062,0,1995.382,55.587,0,1020.065
ITA,Italy,2004,472682.56618,91.02,4309.681,33.84,169323.915,4888.172,3640.402,0,12963.412,2.494,0,158.774
ITA,Italy,2005,472909.04171,90.44,6047.927,33.104,171556.295,4791.177,3101.181,0,14106.718,2.666,0,201.496
ITA,Italy,2006,467639.02451,89.91,6949.561,46.346,168702.849,4965.63,3180.938,0,15326.492,3.009,0,255.437
ITA,Italy,2007,461004.04597,88.99,8787.041,47.081,166559.907,5001.552,2821.602,0,16945.996,3.349,0,346.892
ITA,Italy,2008,451733.81819,87.66,10731.575,47.817,161331.293,4959.563,3578.93,0,19707.179,16.592,0,417.998
ITA,Italy,2009,403111.72997,85.77,11389.528,54.438,147568.694,4806.105,4225.063,0,21026.557,58.167,0,562.585
ITA,Italy,2010,414306.25505,85.73,11729.219,50.024,150794.213,4775.819,4395.251,0,21864.302,163.857,0,784.688
ITA,Italy,2011,402932.36958,85.63,10295.285,50.024,145802.585,5015.143,3940.045,0,21025.853,928.265,0,847.496
ITA,Italy,2012,385416.0769,83.47,12551.545,43.403,136279.744,4957.27,3600.593,0,23884.74,1621.817,0,1152.805
ITA,Italy,2013,353253.85294,81.32,13724.966,41.196,127586.01,5016.242,4537.695,0,26370.626,1856.287,0,1280.908
ITA,Italy,2014,333868.57443,80.05,13092.278,44.139,118604.65,5234.953,5034.002,0,26512.291,1918.002,0,1305.1
ITA,Italy,2015,346335.64932,80.81,13717.997,41.932,124731.362,5469.499,3915.505,0,26268.705,1972.673,0,1276.344
ITA,Italy,2016,343306.39287,81.34,13391.413,44.139,123748.865,5570.603,3648.474,0,26017.921,1900.624,0,1520.952
ITA,Italy,2017,337834.79093,80.18,13946.4,39.725,126097.934,5500.783,3112.529,0,28821.095,2096.106,0,1525.53
ITA,Italy,2018,333955.44936,79.3,13652.742,45.251,122330.095,5419.745,4194.877,0,29281.72,1947.879,0,1523.339
ITA,Italy,2019,324886.09683,79.26,13890.752,47.412,120592.073,5395.825,3982.677,0,29512.128,2036.879,0,1737.063
ITA,Italy,2020,289090.1061,77.7,13716.473,57.522,109498.583,5342.903,4088.717,0,29344.686,2144.583,0,1613.204
ITA,Italy,2021,320731.71488,78.32,14688.86,48.368,120517.727,5251.162,3902.68,0,30264.515,2152.966,0,1799.424
ITA,Italy,2022,326644.29652,78.84,13748.305,40.842,115538.955,5179.814,2441.752,0,28157.963,2418.01,0,1762.182
ITA,Italy,2023,299152.13768,76.73,13361.596,49.434,107151.789,5051.024,3483.857,0,29212.394,2640.678,0,2032.715
LVA,Latvia,2004,7449.40685,65.17,1182.806,-6.449,2862.325,0,267.358,0,1452.94,0,0,4.226
LVA,Latvia,2005,7549.28218,65.75,1187.888,-4.299,2925.427,0,285.923,0,1476.266,0,0,4.029
LVA,Latvia,2006,8023.05957,66.82,1196.731,-4.299,3145.252,0,232.014,0,1430.842,0,0,3.974
LVA,Latvia,2007,8347.50084,67.12,1169.577,-5.732,3245.468,0,235.03,0,1406.913,0,0,4.551
LVA,Latvia,2008,7922.18729,67.46,1106.902,-5.016,3087.344,0,267.329,0,1377.473,0,0,5.082
LVA,Latvia,2009,7192.06423,64.27,1266.571,-5.732,2749.93,0,297.257,0,1566.912,0,0,4.307
LVA,Latvia,2010,8024.45571,69.07,1128.21,-5.016,3036.223,0,302.709,0,1434.397,0,0,4.218
LVA,Latvia,2011,7179.65474,66.8,1165.405,-5.732,2787.764,0,248.235,0,1417.638,0,0,6.096
LVA,Latvia,2012,6826.96133,62.4,1329.666,-6.449,2670.74,0,318.741,0,1651.431,0.001,0,9.825
LVA,Latvia,2013,6744.7978,63.28,1360.067,-5.016,2665.454,0,250.388,0,1611.375,0.006,0,10.323
LVA,Latvia,2014,6541.37739,61.3,1455.854,-7.165,2620.844,0,171.422,0,1613.366,0.009,0,12.013
LVA,Latvia,2015,6713.99479,63.45,1386.259,-6.449,2656.373,0,159.962,0,1537.122,0.02,0,12.651
LVA,Latvia,2016,6778.17817,63.61,1406.615,-7.165,2597.189,0,217.5,0,1623.757,0.033,0,10.996
LVA,Latvia,2017,6695.34966,59.89,1543.862,-7.443,2480.006,0,376.666,0,1935.159,0.038,0,12.898
LVA,Latvia,2018,7182.3782,59.83,1652.715,-4.601,2736.896,0,209.077,0,1862.443,0.109,0,10.493
LVA,Latvia,2019,6960.04724,61.2,1638.494,-3.942,2622.666,0,181.217,0,1820.455,0.27,0,13.242
LVA,Latvia,2020,6321.11987,57.34,1588.982,-3.785,2404.743,0,223.821,0,1809.28,0.417,0,15.206
LVA,Latvia,2021,6532.07585,57.06,1678.277,-3.928,2501.944,0,232.829,0,1903.329,0.584,0,12.161
LVA,Latvia,2022,5931.56267,52.9,1681.92,-3.266,2201.851,0,236.442,0,1911.531,6.463,0,16.353
LVA,Latvia,2023,5922.06717,53.77,1609.641,-3.048,2221.671,0,326.264,0,1974.424,20.556,0,23.281
LTU,Lithuania,2004,11719.1766,53.72,804.091,-0.651,4916.547,2.914,36.199,4037.418,843.483,0,0,0.086
LTU,Lithuania,2005,12518.40113,60.19,839.16,0,5245.09,2.89,38.779,2804.758,881.122,0,0,0.172
LTU,Lithuania,2006,12573.57743,61.42,893.667,0,5335.738,1.672,34.136,2374.362,930.749,0,0,1.204
LTU,Lithuania,2007,12818.51345,61.21,916.69,0,5742.828,1.552,36.199,2674.534,964.011,0,0,9.114
LTU,Lithuania,2008,12693.75698,60.22,974.217,1.471,5671.819,0.645,34.566,2686.687,1021.1,0,0,11.264
LTU,Lithuania,2009,11556.68088,55.4,995.168,0.736,4760.534,5.111,36.457,2938.679,1051.997,0,0,13.586
LTU,Lithuania,2010,12507.53409,74.62,1007.886,0.736,5544.177,4.538,46.432,0,1064.947,0,0,19.261
LTU,Lithuania,2011,11712.83273,74.29,990.128,0.736,5711.782,3.224,41.273,0,1056.602,0,0,40.843
LTU,Lithuania,2012,11684.01881,73.4,1099.194,0,5702.288,3.774,36.371,0,1161.34,0.172,0,46.432
LTU,Lithuania,2013,11065.29309,70.8,1154.859,0,5180.006,1.672,44.798,0,1212.272,3.869,0,51.849
LTU,Lithuania,2014,10644.50891,68.42,1239.264,0,5041.025,1.863,34.308,0,1277.028,6.277,0,54.944
LTU,Lithuania,2015,10588.85995,68.13,1367.485,0.736,5080.042,1.552,30.009,0,1418.936,6.277,0,69.647
LTU,Lithuania,2016,10892.37704,67.44,1393.221,0.736,5030.879,1.959,39.037,0,1464.35,5.675,0,97.678
LTU,Lithuania,2017,10842.17868,66.4,1487.489,1.471,5090.541,0.74,51.797,0,1573.395,5.847,0,117.266
LTU,Lithuania,2018,11210.50178,66.07,1549.163,1.545,5110.138,0,37.059,0,1588.403,7.446,0,98.366
LTU,Lithuania,2019,11207.3479,66.31,1504.824,2.207,5121.418,0,29.699,0,1589.122,7.833,0,128.925
LTU,Lithuania,2020,11167.24506,67.16,1528.375,2.207,5253.498,0,25.847,0,1655.641,11.075,0,133.422
LTU,Lithuania,2021,11572.03757,64.46,1749.435,3.678,5232.219,0,32.992,0,1874.346,16.406,0,117.085
LTU,Lithuania,2022,11174.51667,63.96,1617.604,2.648,4579.764,0,39.931,0,1791.928,29.407,0,130.043
LTU,Lithuania,2023,10987.75013,63.9,1626.635,3.531,4542.893,0,38.71,0,1971.844,59.192,0,218.065
LUX,Luxembourg,2004,11133.12333,92.77,39.59,0,4163.455,0,8.947,0,49.941,0.791,0,3.388
LUX,Luxembourg,2005,11419.60894,92.68,60.157,0,4230.215,0,7.991,0,71.31,1.522,0,4.493
LUX,Luxembourg,2006,11198.36983,91.92,62.977,0,4169.127,0,9.571,0,75.808,1.815,0,4.986
LUX,Luxembourg,2007,10603.93907,89.87,116.28,0,3979.388,0,10.035,0,128.792,1.797,0,5.528
LUX,Luxembourg,2008,10521.88792,89.07,121.818,0,3949.442,0,11.36,0,133.461,1.722,0,5.21
LUX,Luxembourg,2009,10043.58957,90.41,113.834,0,3747.908,0,9.101,0,125.12,1.747,0,5.458
LUX,Luxembourg,2010,10591.65754,89.69,118.676,0,3959.727,0,9.257,0,129.296,1.818,0,4.736
LUX,Luxembourg,2011,10482.43175,88.79,122.538,0,3902.573,0,5.417,0,126.777,2.214,0,5.507
LUX,Luxembourg,2012,10285.22994,88.97,131.128,0,3819.031,0,8.452,0,138.387,3.291,0,6.661
LUX,Luxembourg,2013,9771.10854,86.64,147.295,0,3599.396,0,10.249,0,154.861,6.34,0,7.139
LUX,Luxembourg,2014,9248.83631,85.56,183.275,0,3415.106,0,9.268,0,188.92,8.146,0,6.868
LUX,Luxembourg,2015,8785.68414,83.49,206.211,0,3182.593,0,8.534,0,208.226,8.918,0,8.757
LUX,Luxembourg,2016,8504.20863,81.78,230.331,0,2994.741,0,9.924,0,222.012,8.623,0,8.726
LUX,Luxembourg,2017,8670.10077,81.6,270.461,0,3024.561,0,7.364,0,265.646,9.326,0,20.191
LUX,Luxembourg,2018,8970.19405,81.68,307.599,0,3125.715,0,7.977,0,295.598,10.209,0,21.89
LUX,Luxembourg,2019,9145.00767,81.78,348.889,0,3184.901,0,9.193,0,322.665,11.211,0,24.186
LUX,Luxembourg,2020,7486.35165,78.09,424.108,0,2600.227,0,7.876,0,399.402,13.866,0,30.192
LUX,Luxembourg,2021,7898.2863,78.69,439.562,0,2748.066,0,9.184,0,407.836,15.493,0,27.026
LUX,Luxembourg,2022,6785.98951,77.25,414.285,0,2332.986,0,5.511,0,395.11,23.755,0,26.846
LUX,Luxembourg,2023,6473.72423,75.95,423.775,0,2226.828,0,7.62,0,439.489,25.276,0,42.587
MLT,Malta,2004,2845.27278,99.98,0,0,837.119,0,0,0,0.406,0,0,0
MLT,Malta,2005,2645.82853,99.97,0,0,846.79,0,0,0,0.525,0,0,0
MLT,Malta,2006,2650.81574,99.96,0,0,847.034,0,0,0,0.645,0,0,0
MLT,Malta,2007,2724.10969,99.96,0,0,864.426,0,0,0,0.788,0,0,0
MLT,Malta,2008,2717.3217,99.95,0,0,878.805,0,0,0,0.908,0,0,0
MLT,Malta,2009,2556.4292,99.95,0,0,803.095,0,0,0,0.931,0,0,0
MLT,Malta,2010,2615.12518,99.79,1.423,0,831.614,0,0,0,5.058,0.058,0,0
MLT,Malta,2011,2603.42692,99.64,4.048,0,823.493,0,0,0,8.261,0.429,0,0
MLT,Malta,2012,2743.20065,99.45,6.229,0,869.662,0,0,0,11.816,1.435,0,0.006
MLT,Malta,2013,2417.98879,99.39,5.807,0,764.259,0,0,0,12.715,2.534,0,0.007
MLT,Malta,2014,2405.65323,99.12,8.047,0,761.68,0,0,0,18.57,5.88,0,0.005
MLT,Malta,2015,1687.28199,95.13,8.595,0,613.635,0,0,0,21.111,8.168,0,0.005
MLT,Malta,2016,1367.8482,93.69,9.916,0,548.877,0,0,0,24.589,10.996,0,0.005
MLT,Malta,2017,1531.83791,96.18,11.047,0,638.739,0,0,0,39.054,13.952,0,0.005
MLT,Malta,2018,1541.76987,96.77,13.658,0,639.126,0,0,0,45.309,16.335,0,0.005
MLT,Malta,2019,1643.88398,96.72,14.682,0,682.154,0,0,0,48.941,16.8,0,0.005
MLT,Malta,2020,1595.78301,96.84,17.541,0,640.437,0,0,0,57.413,20.367,0,0.005
MLT,Malta,2021,1606.20566,96.28,14.677,0,659.129,0,0,0,57.861,21.991,0,0.005
MLT,Malta,2022,1768.29593,96.08,16.369,0,720.096,0,0,0,64.306,24.884,0,0.005
MLT,Malta,2023,1761.70043,96.17,17.498,0,716.665,0,0,0,68.812,26.566,0,0.003
NLD,Netherlands,2004,169594.43902,95.79,1646.991,2.15,78407.743,0,8.169,985.899,1808.746,2.887,0,160.841
NLD,Netherlands,2005,165903.82827,95.09,2124.81,2.15,76575.328,0,7.567,1031.04,2270.476,3.046,0,177.7
NLD,Netherlands,2006,160200.47353,94.82,2226.206,2.15,75824.868,0,9.114,894.841,2423.477,3.142,0,235.107
NLD,Netherlands,2007,159264.44504,94.86,2230.57,2.15,75241.839,0,9.2,1083.405,2535.568,3.23,0,295.617
NLD,Netherlands,2008,162206.31801,94.54,2556.14,2.15,74198.533,2.293,8.77,1075.408,2939.244,3.406,0,366.269
NLD,Netherlands,2009,157694.19313,95.05,2845.212,2.15,72708.365,3.392,8.426,980,3311.968,3.861,0,393.863
NLD,Netherlands,2010,168286.91486,95.53,2870.254,2.15,78486.114,7.595,9.028,917.4,3314.653,4.804,0,343.348
NLD,Netherlands,2011,155658.23379,94.5,2991.282,2.15,72430.539,7.548,4.901,959.2,3514.892,8.983,0,438.536
NLD,Netherlands,2012,152425.73691,93.63,3125.865,2.15,72433.879,11.823,8.976,920,3620.65,16.392,0,428.36
NLD,Netherlands,2013,152032.93907,93.78,2895.91,2.15,71241.863,23.717,9.829,656.2,3517.454,35.253,0,483.848
NLD,Netherlands,2014,144351.08421,93.49,2793.609,6.449,66758.373,35.875,9.647,941.3,3520.232,62.353,0,498.481
NLD,Netherlands,2015,151656.70798,93.71,2768.174,6.449,67756.556,58.478,7.971,937.35,3729.647,95.316,0,649.171
NLD,Netherlands,2016,151584.73658,94.07,2748.135,6.449,69302.842,67.916,8.605,916.14,3845.679,137.731,0,702.532
NLD,Netherlands,2017,148693.36849,93.98,2832.239,6.449,70198.939,72.766,5.224,789.54,4208.73,189.54,0,908.753
NLD,Netherlands,2018,144113.473,92.89,3101.977,6.449,68134.335,89.103,6.221,812.26,4631.405,318.813,0,907.009
NLD,Netherlands,2019,139738.33679,92.37,3589.239,6.449,65629.454,132.892,6.379,910.31,5439.384,464.265,0,989.504
NLD,Netherlands,2020,123574.20721,90.41,4274.386,6.449,61663.668,147.733,3.961,955.89,6771.98,736.631,0,1313.648
NLD,Netherlands,2021,126924.25304,89.13,4939.984,6.449,62617.611,151.122,7.587,890.43,7955.3,971.958,0,1558.328
NLD,Netherlands,2022,115744.30976,87.52,4613.456,6.449,54395.71,162.379,4.299,965.858,8522.309,1432.227,0,1854.34
NLD,Netherlands,2023,105578.86401,86.81,4081.169,6.449,51899.772,162.356,5.965,930.521,9001.293,1683.421,0,2538.7
NOR,Norway,2004,35147.93829,60.21,1201.94,0,16953.132,0,9353.482,0,10704.468,0,0,21.668
NOR,Norway,2005,34842.95235,60.02,1263.934,0,17167.73,0,11667.068,0,13132.492,0,0,42.906
NOR,Norway,2006,35818.23715,61.05,1243.619,0,17712.321,0,10263.887,0,11772.343,0,0,54.686
NOR,Norway,2007,37411.69967,57.5,1234.368,0,15536.478,0,11492.347,0,13068.012,0,0,76.698
NOR,Norway,2008,36258.81548,60.39,1328.804,0,18265.676,0,11955.632,0,13690.963,0,0,78.504
NOR,Norway,2009,36297.83011,62.04,1301.342,0,18410.161,0,10772.399,0,12544.211,0,0,84.007
NOR,Norway,2010,37870.12166,61.17,1572.22,19.024,19386.05,0,10037.747,0,12134.248,0,0,75.58
NOR,Norway,2011,36839.66078,57.48,1583.165,26.07,15754.792,0,10342.132,0,12550.046,0,0,110.318
NOR,Norway,2012,36417.80647,58.18,1524.51,23.252,16978.615,0,12186.071,0,14408.616,0,0,133.104
NOR,Norway,2013,36556.71075,60.18,1394.761,26.07,18482.759,0,11017.885,0,13178.833,0,0,161.737
NOR,Norway,2014,36845.70519,58.11,1146.533,26.775,16347.225,0,11648.323,0,13627.021,0,0,190.628
NOR,Norway,2015,37293.07675,51.98,1258.782,30.298,13032.489,0,11805.847,0,13956.539,0,0,216.251
NOR,Norway,2016,36547.16843,54.86,1396.417,25.365,15321.199,0,12279.192,0,14568.659,0,0,181.943
NOR,Norway,2017,35960.50533,55.84,1647.201,25.365,16458.443,0,12241.273,0,14879.726,0,0,245.4
NOR,Norway,2018,36131.27458,55.3,1581.151,27.479,16294.398,0,11950.246,0,14657.702,0.199,0,333.35
NOR,Norway,2019,34569.22408,52.97,1727.62,26.582,14850.548,0,10772.943,0,13811.72,1.104,0,475.022
NOR,Norway,2020,32797.14819,51.84,1678.235,28.669,14517.662,0,12193.015,0,15594.198,7.078,0,852.324
NOR,Norway,2021,32581.73883,50.6,1853.292,26.946,14700.379,0,12378.781,0,16157.106,9.367,0,1011.968
NOR,Norway,2022,32243.48917,47.28,1851.122,36.168,12120.9,0,11026.64,0,15165.104,14.864,0,1273.419
NOR,Norway,2023,31007.45703,NA,1904.447,33.739,13460.238,0,11755.271,0,15962.954,30.75,0,1200.782
POL,Poland,2004,305371.31311,96.14,4116.761,0,86877.794,7.595,178.997,0,4320.78,0,0,12.237
POL,Poland,2005,305320.05029,96.18,4264.85,0,87780.658,11.369,189.242,0,4486.514,0,0,11.648
POL,Poland,2006,317886.86261,96.14,4472.658,0,92413.797,12.778,175.588,0,4694.944,0,0,22.019
POL,Poland,2007,315546.73646,95.49,4558.431,0,91872.628,10.485,202.247,0,4823.745,0,0,44.848
POL,Poland,2008,310312.44993,94.39,5287.096,0,92157.712,12.683,185.052,0,5559.413,0,0,71.952
POL,Poland,2009,299881.79506,93.54,5919.039,0,87495.45,14.331,204.225,0,6279.418,0,0,92.629
POL,Poland,2010,316847.38256,92.9,6846.7,0,93762.446,13.447,251.07,0,7314.159,0,0,143.107
POL,Poland,2011,313834.06564,92.56,7414.626,0,93173.495,12.683,200.463,0,7992.56,0.015,0,275.542
POL,Poland,2012,307585.16421,91.36,7980.398,0,88573.661,15.788,175.129,0,8677.736,0.098,0,408.133
POL,Poland,2013,303822.11007,91.58,7778.714,0,89319.277,18.582,209.705,0,8655.089,0.127,0,516.234
POL,Poland,2014,290445.17926,90.57,7716.855,0,85444.696,20.23,187.657,0,8717.706,0.593,0,659.985
POL,Poland,2015,293529.03817,90.5,7805.649,0,86073.455,21.711,157.54,0,9103.113,4.87,0,933.651
POL,Poland,2016,303894.95245,90.97,7409.545,0,90943.61,22.213,183.959,0,8909.692,10.651,0,1082.338
POL,Poland,2017,316648.33177,91.21,7277.861,0,95274.084,22.584,220.084,0,9047.198,14.227,0,1281.947
POL,Poland,2018,315248.19689,88.39,10713.619,0,96599.212,23.671,169.389,0,12285.053,25.837,0,1100.498
POL,Poland,2019,297271.2289,87.18,10864.252,0,92124.363,25.088,168.393,0,12701.968,61.107,0,1298.947
POL,Poland,2020,281986.52567,86.33,10898.148,0,89314.619,25.64,182.144,0,12950.827,168.35,0,1358.56
POL,Poland,2021,310477.48076,88,10650.685,0,95912.348,28.404,201.133,0,13066.218,338.302,0,1395.834
POL,Poland,2022,295256.88312,87.11,10214.341,0,90044.937,31.469,169.234,0,13446.85,714.503,0,1700.734
POL,Poland,2023,266974.63204,85.37,10113.188,0,82853.426,32.777,207.181,0,14070.131,955.038,0,2078.792
PRT,Portugal,2004,60358.37344,84.1,2801.079,0,22068.833,77.505,848.581,0,3799.489,0.258,0,70.192
PRT,Portugal,2005,62767.81549,85.5,2848.107,0,23100.439,65.659,406.764,0,3474.514,0.258,0,152.473
PRT,Portugal,2006,58424.47114,82.5,2928.813,0,20953.506,78.413,946.017,0,4212.534,0.413,0,251.545
PRT,Portugal,2007,55361.50984,80.8,3079.497,0,20648.287,184.055,867.753,0,4480.646,2.064,0,347.094
PRT,Portugal,2008,53400.9433,80.32,3072.803,0,20119.767,175.862,584.613,0,4329.371,3.485,0,495.046
PRT,Portugal,2009,52307.24971,79.74,3221.664,0,19418.764,168.577,712.319,0,4785.63,13.758,0,651.502
PRT,Portugal,2010,47787.45251,77.11,3045.294,0,17924.927,180.567,1388.469,0,5459.156,18.171,0,789.473
PRT,Portugal,2011,47209.55108,77.88,3094.587,0,17601.242,193.25,992.194,0,5137.875,24.07,0,787.757
PRT,Portugal,2012,45764.72654,78.07,2795.71,31.002,16785.32,134.996,483.466,0,4354.502,33.761,0,882.182
PRT,Portugal,2013,43648.14334,75.95,2807.031,21.842,16019.094,180.353,1180.603,0,5300.914,41.199,0,1033.07
PRT,Portugal,2014,43078.92402,73.47,2817.81,24.661,15591.18,188.426,1338.686,0,6107.682,53.939,0.002,1041.393
PRT,Portugal,2015,47431.71184,76.21,2898.693,24.661,16877.575,186.992,744.669,0,5566.49,68.457,0.002,998.077
PRT,Portugal,2016,46198.09842,76.15,2862.037,19.024,16384.881,157.686,1351.962,0,6229.765,74.858,0.004,1072.579
PRT,Portugal,2017,50824.65301,79.44,2887.065,20.798,18000.661,198.94,507.041,0,5456.289,85.258,0.001,1053.126
PRT,Portugal,2018,47455.50126,76.33,2904.124,20.797,16679.15,211.64,1065.636,0,6109.03,86.492,0,1084.831
PRT,Portugal,2019,43495.16539,74.45,3054.38,16.9,16228.821,197.927,758.187,0,6060.098,115.413,0,1175.146
PRT,Portugal,2020,37662.3107,70.59,3116.068,13.986,14432.847,199.172,1038.915,0,6369.492,147.514,0,1057.495
PRT,Portugal,2021,36401.13315,68.27,3292.078,18.024,13976.024,164.032,1023.864,0,6636.851,192.361,0,1136.338
PRT,Portugal,2022,36890.61165,68.59,3442.189,22.123,14190.739,179.06,561.997,0,6518.615,302.582,0,1138.78
PRT,Portugal,2023,34405.90262,64.75,3390.636,25.34,12705.951,190.957,1035.194,0,7112.619,443.692,0,1130.301
ROU,Romania,2004,84516.51607,85.01,3134.057,0,33246.583,13.471,1419.867,1431.126,4567.402,0,0,0
ROU,Romania,2005,82673.59765,84.17,3184.937,0,32295.444,17.89,1737.477,1432.932,4940.348,0,0,0.02
ROU,Romania,2006,85686.26329,85.37,3184.697,0,33849.96,17.842,1578.275,1452.794,4780.888,0,0,0.048
ROU,Romania,2007,90036.17135,83.54,3355.029,0,33013.91,19.585,1372.826,1988.564,4747.786,0,0,0.217
ROU,Romania,2008,90472.61645,80.16,3838.966,0,31406.097,25.246,1478.568,2895.787,5343.367,0.001,0,0.428
ROU,Romania,2009,76956.67794,76.87,3908.454,0,26488.68,23.55,1335.642,2979.6,5268.536,0.002,0,0.78
ROU,Romania,2010,72460.30821,75.48,4101.199,0,26159.49,22.977,1709.62,2922.83,5860.59,0.003,0,26.341
ROU,Romania,2011,79884.25687,77.96,3657.272,0,27634.272,23.813,1266.351,2978.9,5067.402,0.123,0,119.278
ROU,Romania,2012,78525.21692,76.5,3906.606,0,26638.031,23.264,1037.515,3008.49,5195.078,0.688,0,226.988
ROU,Romania,2013,68763.22629,73.99,3813.172,0,23323.852,26.034,1286.003,2922.2,5550.959,36.127,0,388.668
ROU,Romania,2014,68511.67938,73.31,3801.098,0,22680.252,28.255,1616.902,2941.2,6123.642,138.95,0,533.182
ROU,Romania,2015,67230.81643,73.89,3731.114,0,23053.92,29.115,1430.101,2940.1,5973.12,170.421,0,607.303
ROU,Romania,2016,65777.12902,73.07,3879.49,0,22757.71,36.042,1550.147,2810.7,6192.829,156.47,0,566.638
ROU,Romania,2017,68567.92434,74.08,3954.597,0,24389.606,41.847,1246.299,2907,6041.933,159.559,0,636.862
ROU,Romania,2018,68777.18167,74.13,3780.881,0,24668.343,39.771,1518.848,2877,6037.599,152.281,0,543.613
ROU,Romania,2019,65576.79473,72.96,3898.411,0,24114.386,39.712,1339.692,2846,6012.639,152.847,0,582.357
ROU,Romania,2020,62742.93877,71.75,3900.642,0,23142.118,21.337,1322.549,2887,5989.202,149.043,0,597.202
ROU,Romania,2021,66269.29691,72.47,4161.676,0,24825.83,26.463,1497.157,2866,6396.255,146.462,0,565.396
ROU,Romania,2022,64705.10926,71.79,4007.16,0,22667.378,27.226,1201.778,2822,6008.331,170.973,0,601.623
ROU,Romania,2023,61372.80831,71.13,3733.131,0,21704.412,25.347,1559.503,2867,6283.068,191.492,0,649.011
SVK,Slovakia,2004,34234.14405,71.94,368.374,0,13060.065,8.097,352.537,4554.572,729.628,0,0,0.516
SVK,Slovakia,2005,34737.21973,71.87,400.859,1.471,13319.381,8.049,398.796,4732.746,808.553,0,0,0.516
SVK,Slovakia,2006,34005.24507,70.62,444.011,0,13000.242,9.482,378.246,4812.281,834.843,0,0,0.516
SVK,Slovakia,2007,32470.43717,70.76,551.322,0,12554.25,10.461,382.717,4101.275,942.73,0,0,0.688
SVK,Slovakia,2008,32942.46113,70.24,582.753,0,12775.434,8.646,347.32,4452.193,938.569,0,0,0.602
SVK,Slovakia,2009,30557.54552,69.88,748.774,0,11647.519,8.503,375.543,3783,1131.067,0,0,0.516
SVK,Slovakia,2010,30895.6465,67.53,1577.077,0,12424.892,8.312,451.849,3853.28,2041.358,1.457,0,0.516
SVK,Slovakia,2011,30420.47595,66.13,1592.853,0,11787.142,6.401,324.866,4027,1961.987,34.136,0,0.43
SVK,Slovakia,2012,28355.29739,64.21,1709.318,0,11080.021,5.852,352.794,4050,2109.179,36.457,0,0.516
SVK,Slovakia,2013,28183.94123,64.34,1625.211,0.633,11189.294,6.52,416.853,4110.51,2105.025,50.559,0,0.516
SVK,Slovakia,2014,26007.73859,63.16,1371.635,0,10172.8,7.07,361.909,4053,1793.085,51.333,0,0.516
SVK,Slovakia,2015,26694.71345,62.04,1785.353,0,10452.703,7.094,332.416,4028,2161.412,43.508,0,0.516
SVK,Slovakia,2016,26875.25681,62.6,1815.176,0,10641.016,8.264,374.807,3894,2235.296,45.83,0,0.516
SVK,Slovakia,2017,27850.70039,63.79,1812.73,3.45,11423.017,8.575,371.797,3985,2227.401,43.508,0,0.516
SVK,Slovakia,2018,27784.53238,64.94,1713.567,2.76,11409.127,8.981,308.684,3760,2069.783,50.301,0,0.516
SVK,Slovakia,2019,26289.21637,62.43,1724.253,0.69,10612.489,9.745,374.549,4048,2197.812,50.645,0,0.516
SVK,Slovakia,2020,24110.89663,62.18,1634.004,0.69,10204.682,9.363,388.392,4044,2147.023,57.008,0,0.344
SVK,Slovakia,2021,26792.74039,63.78,1820.17,0.69,11342.798,7.213,366.122,4051.05,2325.05,57.696,0,0.43
SVK,Slovakia,2022,24609.4045,61.65,1678.028,0.69,10238.843,9.028,316.251,4096.99,2156.322,55.89,0,0.344
SVK,Slovakia,2023,23972.40664,59.79,1454.324,0.621,9872.133,8.742,402.923,4732.54,2055.164,52.021,0,0.344
SVN,Slovenia,2004,15652.99697,68.44,601.019,0,4950.347,0,352.032,1408.169,959.847,0,0,0
SVN,Slovenia,2005,15838.26706,66.98,709.52,0,5024.924,0,297.589,1517.799,1014.625,0.003,0,0
SVN,Slovenia,2006,16050.00297,68.41,630.951,0,5106.714,0,308.763,1431.126,948.065,0.012,0,0
SVN,Slovenia,2007,16197.56146,67.58,702.168,0,5100.307,0,280.823,1469.046,992.603,0.037,0,0
SVN,Slovenia,2008,17199.45529,68.11,737.446,0,5356.325,0,345.474,1618.143,1096.927,0.063,0,0
SVN,Slovenia,2009,15462.00279,68.87,694.374,0,4733.649,0,405.382,1354.686,1117.498,0.342,0,0
SVN,Slovenia,2010,15734.24535,68.16,734.533,0,4844.827,19.37,388.474,1335.24,1162.896,1.106,0,0
SVN,Slovenia,2011,15657.06192,66.55,727.166,0,4740.428,19.108,306.27,1470.482,1079.69,5.65,0,0
SVN,Slovenia,2012,15059.40319,66.78,718.676,0,4575.745,15.597,335.242,1308.132,1110.322,13.999,0,0
SVN,Slovenia,2013,14353.91347,65.53,755.07,0,4359.01,15.525,398.06,1250.9,1218.69,18.492,0,0.363
SVN,Slovenia,2014,12749.41763,61.89,659.147,0,3952.19,16.361,523.779,1499.459,1255.525,22.082,0,0.362
SVN,Slovenia,2015,12876.4509,62.75,716.873,0,4031.333,12.635,327.352,1332.2,1119.075,23.58,0,0.518
SVN,Slovenia,2016,13702.37743,64.56,707.507,0,4240.454,12.754,387.212,1348.646,1177.387,22.998,0,0.497
SVN,Slovenia,2017,13788.76504,63.82,694.73,0,4317.89,14.859,332.618,1488.1,1114.762,24.408,0,0.491
SVN,Slovenia,2018,13681.72055,64.85,678.584,0,4318.575,14.32,404.499,1364.6,1168.347,21.923,0,0.518
SVN,Slovenia,2019,13167.744,63.8,683.758,0,4197.539,14.83,385.159,1375.2,1162.213,26.057,0,0.529
SVN,Slovenia,2020,12035.84534,60.98,669.921,0,3762.456,11.398,424.253,1496.852,1194.981,31.659,0,0.537
SVN,Slovenia,2021,12243.93496,60.93,744.593,0,3940.111,11.823,405.203,1352.443,1262.896,38.961,0,0.481
SVN,Slovenia,2022,11942.24735,60.58,653.336,0,3875.446,13.718,270.723,1336.549,1053.545,55.51,0,0.493
SVN,Slovenia,2023,11314.44863,59.92,644.757,0,3593.774,13.876,431.708,1317.601,1248.435,84.64,0,0.548
ESP,Spain,2004,323707.95147000003,83.23,4728.981,0,113321.931,0.641,2672.743,16407.395,8809.626,2.042,0,1349.957
ESP,Spain,2005,337887.45368,84.83,4925.016,0,118099.045,0.361,1581.513,14842.39,8392.96,4.125,0,1820.808
ESP,Spain,2006,328700.11735,84.05,4836.334,0,116776.353,0.193,2232.072,15509.716,9156.91,10.745,0,2003.181
ESP,Spain,2007,336403.63975,84.73,5141.873,0,119369.71,0.193,2348.151,14214.015,10000.718,43.611,0,2370.421
ESP,Spain,2008,309029.61217,83.51,5348.22,0,112784.219,0.193,2008.942,15212.296,10545.269,220.292,0,2832.846
ESP,Spain,2009,274851.83673,81.54,6301.961,0,100950.416,0.193,2270.937,13783,12564.989,512.554,0,3277.472
ESP,Spain,2010,260202.00825,78.01,6560.346,0,96204.427,0.193,3637.489,16134.8,15044.345,552.451,0,3806.621
ESP,Spain,2011,262887.04406,78.76,7153.66,0,96174.053,0.193,2630.782,15044.7,14814.235,639.725,0,3690.284
ESP,Spain,2012,258787.5757,77.34,7698.85,0,93757.845,0.193,1766.552,15990.5,16123.296,704.435,0,4253.826
ESP,Spain,2013,234539.04042,75.06,6942.272,0,84907.897,0.193,3169.821,14785,17716.015,715.915,0,4784.695
ESP,Spain,2014,233893.49999,74.06,6817.915,0,81707.388,0.193,3367.884,14931.1,18064.318,706.59,0,4472.313
ESP,Spain,2015,249275.6417,75.54,6778.016,0,87049.745,0.193,2419.604,14903.2,17007.858,710.767,0,4241.187
ESP,Spain,2016,238915.57916,74.58,6506.021,0,86557.757,0.193,3129.437,15272.9,17484.887,693.339,0,4205.073
ESP,Spain,2017,253429.00951,76.29,6875.115,0,93722.323,0.193,1575.408,15131.49,16590.507,732.072,0,4224.162
ESP,Spain,2018,248062.28509,75.52,7244.592,0,92273.078,0.193,2952.193,14478.8,18163.223,677.3,0,4376.268
ESP,Spain,2019,231694.71282,74.5,7274.125,0,87999.227,0.193,2119.175,15218,18365.551,809.974,1.72,4784.781
ESP,Spain,2020,194353.56563,70.77,7029.22,0,75754.394,0.193,2623.13,15174,19089.534,1347.807,2.322,4853.31
ESP,Spain,2021,210490.13664,72.38,7306.169,0,81581.891,0.193,2547.377,14725,19825.722,1884.953,1.634,5336.285
ESP,Spain,2022,217634.52393,74.11,7251.028,0,82096.085,0.193,1512.468,15295,19611.61,2681.599,1.978,5398.452
ESP,Spain,2023,199722.01796,71.12,7988.035,0,75729.356,0.193,2149.269,14778,22447.031,3733.534,1.032,5526.655
SWE,Sweden,2004,49767.70259,39.53,7936.009,0,19026.953,0,5169.676,19987.79,13193.164,0.17,0,73.947
SWE,Sweden,2005,47303.50018,38.86,8207.021,0,18127.306,0,6259.931,18669.905,14583.477,0.183,0,80.396
SWE,Sweden,2006,47199.94572,38.77,8798.708,0,17498.505,0,5307.154,17276.956,14166.166,0.209,0,84.609
SWE,Sweden,2007,46304.34989,37.71,9145.039,0,16850.563,0,5688.643,17274.893,14957.691,0.27,0,122.614
SWE,Sweden,2008,44418.68292,38.66,9233.674,0,17124.489,0,5938.893,16480.396,15365.783,0.344,0,171.797
SWE,Sweden,2009,42507.54948,38.52,9720.049,0,15249.41,0,5662.226,12881,15573.189,0.602,0,214.187
SWE,Sweden,2010,46517.62137,40.04,10746.573,0,18334.797,0,5709.182,14498,16751.977,0.739,0,299.828
SWE,Sweden,2011,42809.5475,38.65,9948.833,0,17811.382,0,5712.296,15252,17615.802,0.946,0,525.107
SWE,Sweden,2012,40482.55261,35.62,10800.69,0,16210.663,0,6786.93,15632,19784.367,1.634,0,615.993
SWE,Sweden,2013,38870.15016,34.95,10762.239,0,15563.682,0,5276.085,15996,18366.326,3.009,0,846.26
SWE,Sweden,2014,37351.53853,34.28,10563.892,0,15013.904,0,5482.628,16362,18523.095,4.041,0,966.036
SWE,Sweden,2015,37302.52988,30.3,11014.662,0,12177.807,0,6475.708,15532,20463.361,8.34,0,1403.439
SWE,Sweden,2016,36747.94927,32.5,11463.935,0,13739.495,0,5332.55,15699,19798.451,12.296,0,1330.954
SWE,Sweden,2017,36015.19053,32,12269.255,0,13535.01,0,5601.29,16351,21086.299,19.776,0,1514.101
SWE,Sweden,2018,35752.45116,32.94,11629.863,0,14622.134,0,5349.097,16727,20194.123,34.996,0,1429.321
SWE,Sweden,2019,33992.59476,31.63,12199.417,0,13370.867,0,5620.894,16239,21401.936,58.383,0,1706.535
SWE,Sweden,2020,31262.44937,31.45,12000.195,0,11904.523,0,6224.334,12028,22574.379,90.37,0,2366.81
SWE,Sweden,2021,32477.3041,31.39,13225.536,0,12615.716,0,6352.966,12342,23968.777,131.212,0,2342.562
SWE,Sweden,2022,30067.16165,30.4,12770.28,0,11774.477,0,6007.825,12409,23796.168,170.249,0,2859.243
SWE,Sweden,2023,29687.31339,30.37,12658.006,0,11768.041,0,5691.058,11576.18,23566.499,267.756,0,2944.54
